Country,Week,Setting,Variable,Category,Mean,SE,Q25,Q50,Q75
BE,W14,1-Overall,Sex,Females,2.579144255,0.150643618,1,2,3
BE,W14,1-Overall,Sex,Males,3.167186298,0.300452548,1,2,4
BE,W14,1-Overall,Age group,18-29y,3.35858554,0.383745442,1,3,4
BE,W14,1-Overall,Age group,30-39y,4.435735421,0.70550115,1,2.761096528,5
BE,W14,1-Overall,Age group,40-49y,3.672282803,0.343385354,1,3,4
BE,W14,1-Overall,Age group,50-59y,2.852556987,0.413991282,1,1.720896134,3
BE,W14,1-Overall,Age group,60y+,1.621667285,0.126871234,0,1,2
BE,W14,1-Overall,HH size,1p,1.616177549,0.234519716,0,1,2
BE,W14,1-Overall,HH size,2p,2.369136653,0.239990926,1,1,3
BE,W14,1-Overall,HH size,3p,4.051311382,0.466295371,2,2,4
BE,W14,1-Overall,HH size,4p,4.131853859,0.350413475,3,3,5
BE,W14,1-Overall,HH size,5p,5.003717438,0.691728317,4,4,6
BE,W14,1-Overall,HH size,6p+,1.800507566,0.655732534,0,1,3
BE,W14,2-Home,Sex,Females,1.325275426,0.050693469,0,1,2
BE,W14,2-Home,Sex,Males,1.355527816,0.096248131,0,1,2
BE,W14,2-Home,Age group,18-29y,1.888151898,0.140608435,1,2,3
BE,W14,2-Home,Age group,30-39y,1.546321309,0.151069516,1,1,2
BE,W14,2-Home,Age group,40-49y,1.913818426,0.134296876,1,2,3
BE,W14,2-Home,Age group,50-59y,1.170258416,0.090916692,0,1,2
BE,W14,2-Home,Age group,60y+,0.763492884,0.047796233,0,1,1
BE,W14,2-Home,HH size,1p,0.417242535,0.050942535,0,0,1
BE,W14,2-Home,HH size,2p,1.009214615,0.044780273,1,1,1
BE,W14,2-Home,HH size,3p,1.898169198,0.09064065,2,2,2
BE,W14,2-Home,HH size,4p,2.771355107,0.122234046,3,3,4
BE,W14,2-Home,HH size,5p,3.261177473,0.293110637,4,4,4
BE,W14,2-Home,HH size,6p+,1.288262666,0.568028007,0,0,2
BE,W14,3-School,Sex,Females,0,0,0,0,0
BE,W14,3-School,Sex,Males,0,0,0,0,0
BE,W14,3-School,Age group,18-29y,0,0,0,0,0
BE,W14,3-School,Age group,30-39y,0,0,0,0,0
BE,W14,3-School,Age group,40-49y,0,0,0,0,0
BE,W14,3-School,Age group,50-59y,0,0,0,0,0
BE,W14,3-School,Age group,60y+,0,0,0,0,0
BE,W14,3-School,HH size,1p,0,0,0,0,0
BE,W14,3-School,HH size,2p,0,0,0,0,0
BE,W14,3-School,HH size,3p,0,0,0,0,0
BE,W14,3-School,HH size,4p,0,0,0,0,0
BE,W14,3-School,HH size,5p,0,0,0,0,0
BE,W14,3-School,HH size,6p+,0,0,0,0,0
BE,W14,4-Work,Sex,Females,0.896449329,0.142214034,0,0,0
BE,W14,4-Work,Sex,Males,1.330455016,0.305901843,0,0,0
BE,W14,4-Work,Age group,18-29y,0.957482696,0.345152612,0,0,0
BE,W14,4-Work,Age group,30-39y,2.581019645,0.730919259,0,0,0.755497219
BE,W14,4-Work,Age group,40-49y,1.958646882,0.491395974,0,0,1
BE,W14,4-Work,Age group,50-59y,1.201383046,0.333415999,0,0,0
BE,W14,4-Work,Age group,60y+,0.187825036,0.073544261,0,0,0
BE,W14,4-Work,HH size,1p,0.658007662,0.216460187,0,0,0
BE,W14,4-Work,HH size,2p,1.038719552,0.267096256,0,0,0
BE,W14,4-Work,HH size,3p,1.462600753,0.435873772,0,0,0
BE,W14,4-Work,HH size,4p,1.087531674,0.33826042,0,0,0
BE,W14,4-Work,HH size,5p,1.024646106,0.476643405,0,0,0
BE,W14,4-Work,HH size,6p+,2.246258401,1.986038586,0,0,0
BE,W14,5-Community,Sex,Females,0.61190748,0.050189147,0,0,1
BE,W14,5-Community,Sex,Males,0.720254352,0.092776161,0,0,1
BE,W14,5-Community,Age group,18-29y,0.599053812,0.106397527,0,0,1
BE,W14,5-Community,Age group,30-39y,0.580703544,0.13441905,0,0,1
BE,W14,5-Community,Age group,40-49y,0.635158109,0.13184497,0,0,0
BE,W14,5-Community,Age group,50-59y,0.635231587,0.111593897,0,0,1
BE,W14,5-Community,Age group,60y+,0.747443058,0.084956893,0,0,1
BE,W14,5-Community,HH size,1p,0.631296576,0.086518289,0,0,1
BE,W14,5-Community,HH size,2p,0.605141432,0.076630626,0,0,1
BE,W14,5-Community,HH size,3p,0.73294453,0.129772828,0,0,1
BE,W14,5-Community,HH size,4p,0.80705149,0.171051212,0,0,1
BE,W14,5-Community,HH size,5p,0.371159629,0.127536992,0,0,0
BE,W14,5-Community,HH size,6p+,0.712424675,0.322254531,0,0,1
DE,W13,1-Overall,Sex,Females,3.299906288,0.153318831,1,2,4
DE,W13,1-Overall,Sex,Males,4.15925479,0.206269936,1,3,5
DE,W14,1-Overall,Sex,Females,3.955576276,0.130289306,1,3,5
DE,W14,1-Overall,Sex,Males,4.734449521,0.211304062,1,3,6
DE,W13,1-Overall,Age group,18-29y,4.056212447,0.323812076,1,3,4
DE,W13,1-Overall,Age group,30-39y,4.128341508,0.329689417,1,3,5
DE,W13,1-Overall,Age group,40-49y,5.096655561,0.383329719,1,3,7
DE,W13,1-Overall,Age group,50-59y,4.678857193,0.35599931,1,3,6
DE,W13,1-Overall,Age group,60y+,2.491151085,0.154782004,1,2,3.719277155
DE,W14,1-Overall,Age group,18-29y,5.03177612,0.271218205,2,3,6
DE,W14,1-Overall,Age group,30-39y,5.753849527,0.318698118,2,4,7
DE,W14,1-Overall,Age group,40-49y,5.439871601,0.351255541,2,3.550029754,7
DE,W14,1-Overall,Age group,50-59y,4.209969381,0.291806604,1,3,6
DE,W14,1-Overall,Age group,60y+,2.636490501,0.14053884,1,2,3
DE,W13,1-Overall,HH size,1p,2.378051556,0.185200305,0,1,3
DE,W13,1-Overall,HH size,2p,3.474375504,0.180657895,1,2,4
DE,W13,1-Overall,HH size,3p,5.702815683,0.455368701,2,3,7
DE,W13,1-Overall,HH size,4p,5.574669793,0.395178171,3,4,6
DE,W13,1-Overall,HH size,5p,5.664018395,0.567615441,4,4,6
DE,W13,1-Overall,HH size,6p+,3.607016111,0.72350443,3,3,4
DE,W14,1-Overall,HH size,1p,3.066876033,0.206069905,0,2,4
DE,W14,1-Overall,HH size,2p,3.982863815,0.179318781,1,2,5
DE,W14,1-Overall,HH size,3p,5.20353124,0.289175031,2,3,6
DE,W14,1-Overall,HH size,4p,6.292229747,0.364526793,3,4,7
DE,W14,1-Overall,HH size,5p,6.079697996,0.607961908,4,5,7
DE,W14,1-Overall,HH size,6p+,11.79938203,3.361106486,4,6,17
DE,W13,2-Home,Sex,Females,1.358266568,0.039974403,1,1,2
DE,W13,2-Home,Sex,Males,1.432684418,0.048141518,1,1,2
DE,W14,2-Home,Sex,Females,1.533540552,0.035793464,1,1,2
DE,W14,2-Home,Sex,Males,1.470974747,0.043193781,1,1,2
DE,W13,2-Home,Age group,18-29y,1.681498229,0.081758379,1,1,3
DE,W13,2-Home,Age group,30-39y,1.73098402,0.083863835,1,2,3
DE,W13,2-Home,Age group,40-49y,1.663132138,0.082284482,1,1,3
DE,W13,2-Home,Age group,50-59y,1.394829485,0.065836324,1,1,2
DE,W13,2-Home,Age group,60y+,1.079325274,0.048794754,0,1,1
DE,W14,2-Home,Age group,18-29y,1.761121965,0.056035438,1,1,3
DE,W14,2-Home,Age group,30-39y,1.646588302,0.062804243,1,1,3
DE,W14,2-Home,Age group,40-49y,1.858975028,0.071713629,1,2,3
DE,W14,2-Home,Age group,50-59y,1.485175263,0.067191649,1,1,2
DE,W14,2-Home,Age group,60y+,1.097410388,0.046500873,1,1,1
DE,W13,2-Home,HH size,1p,0.509621129,0.045976997,0,0,1
DE,W13,2-Home,HH size,2p,1.252667617,0.031173073,1,1,1
DE,W13,2-Home,HH size,3p,2.219627501,0.056026424,2,2,3
DE,W13,2-Home,HH size,4p,3.038101658,0.079337599,3,3,4
DE,W13,2-Home,HH size,5p,3.397992405,0.269967493,4,4,4
DE,W13,2-Home,HH size,6p+,2.545118709,0.364464595,1,3,3
DE,W14,2-Home,HH size,1p,0.539994426,0.041479067,0,0,1
DE,W14,2-Home,HH size,2p,1.252248921,0.025182638,1,1,1
DE,W14,2-Home,HH size,3p,2.228703199,0.042040734,2,2,3
DE,W14,2-Home,HH size,4p,3.102178042,0.053127199,3,3,4
DE,W14,2-Home,HH size,5p,3.430561723,0.160630119,3,4,4
DE,W14,2-Home,HH size,6p+,2.876358174,0.334661029,3,3,4
DE,W13,3-School,Sex,Females,0,0,0,0,0
DE,W13,3-School,Sex,Males,0,0,0,0,0
DE,W14,3-School,Sex,Females,0,0,0,0,0
DE,W14,3-School,Sex,Males,0,0,0,0,0
DE,W13,3-School,Age group,18-29y,0,0,0,0,0
DE,W13,3-School,Age group,30-39y,0,0,0,0,0
DE,W13,3-School,Age group,40-49y,0,0,0,0,0
DE,W13,3-School,Age group,50-59y,0,0,0,0,0
DE,W13,3-School,Age group,60y+,0,0,0,0,0
DE,W14,3-School,Age group,18-29y,0,0,0,0,0
DE,W14,3-School,Age group,30-39y,0,0,0,0,0
DE,W14,3-School,Age group,40-49y,0,0,0,0,0
DE,W14,3-School,Age group,50-59y,0,0,0,0,0
DE,W14,3-School,Age group,60y+,0,0,0,0,0
DE,W13,3-School,HH size,1p,0,0,0,0,0
DE,W13,3-School,HH size,2p,0,0,0,0,0
DE,W13,3-School,HH size,3p,0,0,0,0,0
DE,W13,3-School,HH size,4p,0,0,0,0,0
DE,W13,3-School,HH size,5p,0,0,0,0,0
DE,W13,3-School,HH size,6p+,0,0,0,0,0
DE,W14,3-School,HH size,1p,0,0,0,0,0
DE,W14,3-School,HH size,2p,0,0,0,0,0
DE,W14,3-School,HH size,3p,0,0,0,0,0
DE,W14,3-School,HH size,4p,0,0,0,0,0
DE,W14,3-School,HH size,5p,0,0,0,0,0
DE,W14,3-School,HH size,6p+,0,0,0,0,0
DE,W13,4-Work,Sex,Females,1.120258367,0.123193516,0,0,0
DE,W13,4-Work,Sex,Males,1.743076557,0.1666155,0,0,0
DE,W14,4-Work,Sex,Females,1.541961891,0.105195368,0,0,0
DE,W14,4-Work,Sex,Males,2.328169988,0.179457251,0,0,2
DE,W13,4-Work,Age group,18-29y,1.607884605,0.276149923,0,0,0
DE,W13,4-Work,Age group,30-39y,1.95913487,0.314965189,0,0,0
DE,W13,4-Work,Age group,40-49y,2.437648077,0.322327155,0,0,3
DE,W13,4-Work,Age group,50-59y,2.114706326,0.282491951,0,0,1
DE,W13,4-Work,Age group,60y+,0.468622737,0.104296485,0,0,0
DE,W14,4-Work,Age group,18-29y,2.457212904,0.232242963,0,0,2
DE,W14,4-Work,Age group,30-39y,3.086728355,0.270851601,0,0,5
DE,W14,4-Work,Age group,40-49y,2.422147529,0.28702952,0,0,3
DE,W14,4-Work,Age group,50-59y,2.080316605,0.26588008,0,0,2
DE,W14,4-Work,Age group,60y+,0.526172864,0.099375911,0,0,0
DE,W13,4-Work,HH size,1p,1.045339213,0.157146488,0,0,0
DE,W13,4-Work,HH size,2p,1.305098515,0.148485535,0,0,0
DE,W13,4-Work,HH size,3p,2.448250542,0.400927354,0,0,1
DE,W13,4-Work,HH size,4p,1.87040349,0.339448404,0,0,0
DE,W13,4-Work,HH size,5p,0.644567845,0.295743852,0,0,0
DE,W13,4-Work,HH size,6p+,0.991857818,0.756629128,0,0,0
DE,W14,4-Work,HH size,1p,1.558767033,0.1729487,0,0,0
DE,W14,4-Work,HH size,2p,1.731966164,0.149457709,0,0,0
DE,W14,4-Work,HH size,3p,2.287677218,0.272541706,0,0,1
DE,W14,4-Work,HH size,4p,2.412039269,0.337866198,0,0,1
DE,W14,4-Work,HH size,5p,1.288334613,0.38258103,0,0,0
DE,W14,4-Work,HH size,6p+,3.621076425,1.080653819,0,0,4
DE,W13,5-Community,Sex,Females,1.001473382,0.058172691,0,0,2
DE,W13,5-Community,Sex,Males,1.125883495,0.067050244,0,0,2
DE,W14,5-Community,Sex,Females,1.020321801,0.046975294,0,0,2
DE,W14,5-Community,Sex,Males,1.200101223,0.063090763,0,0,2
DE,W13,5-Community,Age group,18-29y,0.815190916,0.087055837,0,0,1
DE,W13,5-Community,Age group,30-39y,0.961863736,0.098730558,0,0,1
DE,W13,5-Community,Age group,40-49y,1.108202848,0.103784031,0,0,2
DE,W13,5-Community,Age group,50-59y,1.292123774,0.109716647,0,0,2
DE,W13,5-Community,Age group,60y+,1.060185644,0.079230607,0,0,2
DE,W14,5-Community,Age group,18-29y,0.979049125,0.063945229,0,0,2
DE,W14,5-Community,Age group,30-39y,1.106074845,0.07679831,0,0,2
DE,W14,5-Community,Age group,40-49y,1.164911486,0.098764563,0,0,2
DE,W14,5-Community,Age group,50-59y,1.224218343,0.10683593,0,0,2
DE,W14,5-Community,Age group,60y+,1.10311345,0.080935725,0,0,2
DE,W13,5-Community,HH size,1p,1.066839972,0.085243031,0,0,2
DE,W13,5-Community,HH size,2p,1.047572917,0.066797582,0,0,2
DE,W13,5-Community,HH size,3p,1.122506671,0.13100807,0,0,2
DE,W13,5-Community,HH size,4p,1.018867688,0.121640803,0,0,2
DE,W13,5-Community,HH size,5p,1.01358529,0.237215158,0,0,2
DE,W13,5-Community,HH size,6p+,1.210251965,0.388292923,0,0,2
DE,W14,5-Community,HH size,1p,1.092047367,0.083980866,0,0,2
DE,W14,5-Community,HH size,2p,1.143819811,0.059925096,0,0,2
DE,W14,5-Community,HH size,3p,1.075059247,0.090872799,0,0,2
DE,W14,5-Community,HH size,4p,1.168217717,0.1135614,0,0,2
DE,W14,5-Community,HH size,5p,0.81542045,0.133250281,0,0,1
DE,W14,5-Community,HH size,6p+,1.098363335,0.273372664,0,0,2
ES,W13,1-Overall,Sex,Females,2.788148059,0.222494725,1,2,3
ES,W13,1-Overall,Sex,Males,2.652162628,0.275111766,1,2,3
ES,W14,1-Overall,Sex,Females,2.469102109,0.129846227,1,2,3
ES,W14,1-Overall,Sex,Males,2.819243089,0.295949098,1,2,3
ES,W13,1-Overall,Age group,18-29y,3.04275535,0.508916749,1,2,3
ES,W13,1-Overall,Age group,30-39y,2.788340217,0.606116498,1,1,3
ES,W13,1-Overall,Age group,40-49y,3.007077247,0.294893434,1,3,4
ES,W13,1-Overall,Age group,50-59y,3.383767586,0.401449268,1,2,4
ES,W13,1-Overall,Age group,60y+,1.92151228,0.192121801,1,1,2
ES,W14,1-Overall,Age group,18-29y,3.356113275,0.536281241,2,3,4
ES,W14,1-Overall,Age group,30-39y,3.067815226,0.404704787,1,2,3
ES,W14,1-Overall,Age group,40-49y,2.71907641,0.251937656,1,2,3.008106704
ES,W14,1-Overall,Age group,50-59y,3.302436438,0.384827342,1,2,4
ES,W14,1-Overall,Age group,60y+,1.6161653,0.124680753,0,1,2
ES,W13,1-Overall,HH size,1p,2.283133269,0.548356152,0,1,3
ES,W13,1-Overall,HH size,2p,2.071124794,0.249954279,1,1,2
ES,W13,1-Overall,HH size,3p,3.110019325,0.236132717,2,2,3
ES,W13,1-Overall,HH size,4p,3.918640731,0.547660996,3,3,4
ES,W13,1-Overall,HH size,5p,4.75542469,0.502329693,4,4,5
ES,W13,1-Overall,HH size,6p+,2.531557932,0.474098856,1,2,3
ES,W14,1-Overall,HH size,1p,1.104408018,0.189087467,0,0,1
ES,W14,1-Overall,HH size,2p,2.177242482,0.173132086,1,1,2
ES,W14,1-Overall,HH size,3p,3.564064724,0.461683468,2,2,3
ES,W14,1-Overall,HH size,4p,3.967339866,0.262501513,3,3,4
ES,W14,1-Overall,HH size,5p,4.306563031,0.544678917,3,4,4
ES,W14,1-Overall,HH size,6p+,2.967538297,0.456261872,2,3,3
ES,W13,2-Home,Sex,Females,1.606359449,0.068919591,1,1,3
ES,W13,2-Home,Sex,Males,1.468729366,0.099855523,1,1,2
ES,W14,2-Home,Sex,Females,1.607294039,0.061116948,1,1,2
ES,W14,2-Home,Sex,Males,1.622795438,0.103490639,1,1,3
ES,W13,2-Home,Age group,18-29y,1.907905424,0.16159283,1,2,3
ES,W13,2-Home,Age group,30-39y,1.216457003,0.129467451,0,1,2
ES,W13,2-Home,Age group,40-49y,1.838736012,0.139829075,1,2,3
ES,W13,2-Home,Age group,50-59y,1.661049489,0.131186216,1,1,3
ES,W13,2-Home,Age group,60y+,1.123851985,0.085531996,0.717483505,1,2
ES,W14,2-Home,Age group,18-29y,2.042637436,0.186108276,1,2,3
ES,W14,2-Home,Age group,30-39y,1.640208764,0.132076926,1,2,2.147878257
ES,W14,2-Home,Age group,40-49y,1.813316452,0.120378484,1,2,3
ES,W14,2-Home,Age group,50-59y,1.777378159,0.103189221,1,2,3
ES,W14,2-Home,Age group,60y+,1.130205652,0.077743035,0,1,2
ES,W13,2-Home,HH size,1p,0.311472529,0.078370591,0,0,0
ES,W13,2-Home,HH size,2p,1.119039403,0.040340031,1,1,1
ES,W13,2-Home,HH size,3p,2.043478199,0.058752549,2,2,2
ES,W13,2-Home,HH size,4p,2.730272149,0.194707354,3,3,3
ES,W13,2-Home,HH size,5p,3.649889228,0.195993082,4,4,4
ES,W13,2-Home,HH size,6p+,2.392262292,0.432235988,1,2,3
ES,W14,2-Home,HH size,1p,0.384945014,0.077275416,0,0,1
ES,W14,2-Home,HH size,2p,1.123687086,0.043333252,1,1,1
ES,W14,2-Home,HH size,3p,2.116101613,0.074562453,2,2,3
ES,W14,2-Home,HH size,4p,3.034628106,0.115265423,3,3,4
ES,W14,2-Home,HH size,5p,3.494370642,0.166369144,3,4,4
ES,W14,2-Home,HH size,6p+,2.967538297,0.456261872,2,3,3
ES,W13,3-School,Sex,Females,0,0,0,0,0
ES,W13,3-School,Sex,Males,0,0,0,0,0
ES,W14,3-School,Sex,Females,0,0,0,0,0
ES,W14,3-School,Sex,Males,0,0,0,0,0
ES,W13,3-School,Age group,18-29y,0,0,0,0,0
ES,W13,3-School,Age group,30-39y,0,0,0,0,0
ES,W13,3-School,Age group,40-49y,0,0,0,0,0
ES,W13,3-School,Age group,50-59y,0,0,0,0,0
ES,W13,3-School,Age group,60y+,0,0,0,0,0
ES,W14,3-School,Age group,18-29y,0,0,0,0,0
ES,W14,3-School,Age group,30-39y,0,0,0,0,0
ES,W14,3-School,Age group,40-49y,0,0,0,0,0
ES,W14,3-School,Age group,50-59y,0,0,0,0,0
ES,W14,3-School,Age group,60y+,0,0,0,0,0
ES,W13,3-School,HH size,1p,0,0,0,0,0
ES,W13,3-School,HH size,2p,0,0,0,0,0
ES,W13,3-School,HH size,3p,0,0,0,0,0
ES,W13,3-School,HH size,4p,0,0,0,0,0
ES,W13,3-School,HH size,5p,0,0,0,0,0
ES,W13,3-School,HH size,6p+,0,0,0,0,0
ES,W14,3-School,HH size,1p,0,0,0,0,0
ES,W14,3-School,HH size,2p,0,0,0,0,0
ES,W14,3-School,HH size,3p,0,0,0,0,0
ES,W14,3-School,HH size,4p,0,0,0,0,0
ES,W14,3-School,HH size,5p,0,0,0,0,0
ES,W14,3-School,HH size,6p+,0,0,0,0,0
ES,W13,4-Work,Sex,Females,0.707780526,0.177114753,0,0,0
ES,W13,4-Work,Sex,Males,0.671819104,0.217253231,0,0,0
ES,W14,4-Work,Sex,Females,0.544960843,0.09835487,0,0,0
ES,W14,4-Work,Sex,Males,0.976254631,0.276752523,0,0,0
ES,W13,4-Work,Age group,18-29y,0.725193075,0.400105305,0,0,0
ES,W13,4-Work,Age group,30-39y,1.066384867,0.485786603,0,0,0
ES,W13,4-Work,Age group,40-49y,0.539237748,0.239193639,0,0,0
ES,W13,4-Work,Age group,50-59y,1.231083563,0.335973451,0,0,0
ES,W13,4-Work,Age group,60y+,0.275204177,0.105937673,0,0,0
ES,W14,4-Work,Age group,18-29y,1.142458108,0.535072609,0,0,0
ES,W14,4-Work,Age group,30-39y,1.479859525,0.403704834,0,0,0
ES,W14,4-Work,Age group,40-49y,0.659869411,0.164484488,0,0,0
ES,W14,4-Work,Age group,50-59y,0.945468086,0.312215346,0,0,0
ES,W14,4-Work,Age group,60y+,0.120718305,0.048954853,0,0,0
ES,W13,4-Work,HH size,1p,1.233833888,0.505268216,0,0,0
ES,W13,4-Work,HH size,2p,0.564913301,0.225014465,0,0,0
ES,W13,4-Work,HH size,3p,0.650280362,0.179012906,0,0,0
ES,W13,4-Work,HH size,4p,0.603921833,0.400406023,0,0,0
ES,W13,4-Work,HH size,5p,0.45066666,0.19512389,0,0,0
ES,W13,4-Work,HH size,6p+,0.115786901,0.099394913,0,0,0
ES,W14,4-Work,HH size,1p,0.382073496,0.145726126,0,0,0
ES,W14,4-Work,HH size,2p,0.672032762,0.16918443,0,0,0
ES,W14,4-Work,HH size,3p,1.132315144,0.473629866,0,0,0
ES,W14,4-Work,HH size,4p,0.84988854,0.298691475,0,0,0
ES,W14,4-Work,HH size,5p,1.014284989,0.633513832,0,0,0
ES,W14,4-Work,HH size,6p+,0.824656842,0.515944712,0,0,0
ES,W13,5-Community,Sex,Females,0.549347179,0.063284276,0,0,0
ES,W13,5-Community,Sex,Males,0.578598606,0.107426502,0,0,0
ES,W14,5-Community,Sex,Females,0.430179548,0.046112722,0,0,0
ES,W14,5-Community,Sex,Males,0.558048189,0.077315127,0,0,1
ES,W13,5-Community,Age group,18-29y,0.501812606,0.145485348,0,0,0
ES,W13,5-Community,Age group,30-39y,0.548564783,0.127901936,0,0,0.16942611
ES,W13,5-Community,Age group,40-49y,0.653435893,0.166734969,0,0,0
ES,W13,5-Community,Age group,50-59y,0.624572825,0.14331343,0,0,1
ES,W13,5-Community,Age group,60y+,0.531929452,0.103375874,0,0,0.708312465
ES,W14,5-Community,Age group,18-29y,0.455350573,0.117849067,0,0,0
ES,W14,5-Community,Age group,30-39y,0.3694173,0.07867456,0,0,0
ES,W14,5-Community,Age group,40-49y,0.369674153,0.07641835,0,0,0
ES,W14,5-Community,Age group,50-59y,0.728742368,0.122126082,0,0,1
ES,W14,5-Community,Age group,60y+,0.508169076,0.076858248,0,0,0
ES,W13,5-Community,HH size,1p,0.852467578,0.235662655,0,0,1
ES,W13,5-Community,HH size,2p,0.403022542,0.069031042,0,0,0
ES,W13,5-Community,HH size,3p,0.461642662,0.102684367,0,0,0
ES,W13,5-Community,HH size,4p,0.702672324,0.182897319,0,0,0
ES,W13,5-Community,HH size,5p,0.612103039,0.21217111,0,0,1
ES,W13,5-Community,HH size,6p+,0.961645056,0.245103514,0,1,1
ES,W14,5-Community,HH size,1p,0.461358199,0.086833943,0,0,1
ES,W14,5-Community,HH size,2p,0.567996052,0.076151173,0,0,0
ES,W14,5-Community,HH size,3p,0.438269439,0.102193495,0,0,0
ES,W14,5-Community,HH size,4p,0.512422517,0.102969751,0,0,1
ES,W14,5-Community,HH size,5p,0.205945113,0.091818498,0,0,0
ES,W14,5-Community,HH size,6p+,0.989742384,0.488639885,0,0,1
FR,W13,1-Overall,Sex,Females,2.320165894,0.131776746,1,1,3
FR,W13,1-Overall,Sex,Males,2.21328579,0.235320301,0,1,3
FR,W14,1-Overall,Sex,Females,2.512957624,0.148401753,1,2,3
FR,W14,1-Overall,Sex,Males,2.749442035,0.285977905,0,2,3
FR,W13,1-Overall,Age group,18-29y,2.634491272,0.34621162,1,1.900388871,3
FR,W13,1-Overall,Age group,30-39y,3.252868643,0.486507747,1,3,4
FR,W13,1-Overall,Age group,40-49y,3.074935287,0.450521471,1,2,4
FR,W13,1-Overall,Age group,50-59y,3.080041213,0.370624762,1,2,4
FR,W13,1-Overall,Age group,60y+,1.361787824,0.092733016,0,1,2
FR,W14,1-Overall,Age group,18-29y,2.385123705,0.193956714,1,2,3
FR,W14,1-Overall,Age group,30-39y,3.830204887,0.553208473,1,2,4
FR,W14,1-Overall,Age group,40-49y,4.368157898,0.691713527,1,3,4
FR,W14,1-Overall,Age group,50-59y,3.12293848,0.456582027,1,2,3
FR,W14,1-Overall,Age group,60y+,1.345670854,0.117257973,0,1,2
FR,W13,1-Overall,HH size,1p,1.320190062,0.234750992,0,0,1
FR,W13,1-Overall,HH size,2p,2.284193229,0.196551078,1,1,2
FR,W13,1-Overall,HH size,3p,2.758290696,0.22928186,2,2,3
FR,W13,1-Overall,HH size,4p,3.464998845,0.251558979,3,3,4
FR,W13,1-Overall,HH size,5p,4.235314575,0.571973407,4,4,4
FR,W13,1-Overall,HH size,6p+,3.676468459,0.269764478,3,4,4
FR,W14,1-Overall,HH size,1p,1.329149017,0.265928326,0,0,1
FR,W14,1-Overall,HH size,2p,2.247533798,0.224652975,1,1,2
FR,W14,1-Overall,HH size,3p,3.468461977,0.430249843,2,2,3
FR,W14,1-Overall,HH size,4p,4.71827793,0.484780486,3,3,4
FR,W14,1-Overall,HH size,5p,5.191550586,0.509266254,4,4,5
FR,W14,1-Overall,HH size,6p+,2.961911195,1.11172152,0,1,3
FR,W13,2-Home,Sex,Females,1.277665779,0.04928885,0,1,2
FR,W13,2-Home,Sex,Males,1.126293723,0.081014398,0,1,2
FR,W14,2-Home,Sex,Females,1.412932153,0.052072436,1,1,2
FR,W14,2-Home,Sex,Males,1.299004259,0.084288117,0,1,2
FR,W13,2-Home,Age group,18-29y,1.463782411,0.127194596,0,1,2
FR,W13,2-Home,Age group,30-39y,1.555978084,0.153332462,0,1,3
FR,W13,2-Home,Age group,40-49y,1.752007902,0.146526038,1,2,3
FR,W13,2-Home,Age group,50-59y,1.303994624,0.095159827,0,1,2
FR,W13,2-Home,Age group,60y+,0.853591139,0.056007798,0,1,1
FR,W14,2-Home,Age group,18-29y,1.603063712,0.10360261,1,1,3
FR,W14,2-Home,Age group,30-39y,1.56976499,0.119441952,0,1,3
FR,W14,2-Home,Age group,40-49y,1.76070868,0.140589432,0,2,3
FR,W14,2-Home,Age group,50-59y,1.393016804,0.104500101,1,1,2
FR,W14,2-Home,Age group,60y+,0.84205296,0.067859292,0,1,1
FR,W13,2-Home,HH size,1p,0.268277373,0.046203331,0,0,0
FR,W13,2-Home,HH size,2p,1.115177372,0.042681844,1,1,1
FR,W13,2-Home,HH size,3p,1.962405483,0.099946919,2,2,2
FR,W13,2-Home,HH size,4p,2.859125642,0.149389593,3,3,4
FR,W13,2-Home,HH size,5p,3.405552986,0.301086779,4,4,4
FR,W13,2-Home,HH size,6p+,3.676468459,0.269764478,3,4,4
FR,W14,2-Home,HH size,1p,0.246805013,0.044686478,0,0,0
FR,W14,2-Home,HH size,2p,1.030735519,0.04236606,1,1,1
FR,W14,2-Home,HH size,3p,2.058025724,0.070413919,2,2,2
FR,W14,2-Home,HH size,4p,3.094587007,0.088882484,3,3,4
FR,W14,2-Home,HH size,5p,3.735224796,0.174354514,4,4,4
FR,W14,2-Home,HH size,6p+,1.431239686,0.714788149,0,0,2
FR,W13,3-School,Sex,Females,0,0,0,0,0
FR,W13,3-School,Sex,Males,0,0,0,0,0
FR,W14,3-School,Sex,Females,0,0,0,0,0
FR,W14,3-School,Sex,Males,0,0,0,0,0
FR,W13,3-School,Age group,18-29y,0,0,0,0,0
FR,W13,3-School,Age group,30-39y,0,0,0,0,0
FR,W13,3-School,Age group,40-49y,0,0,0,0,0
FR,W13,3-School,Age group,50-59y,0,0,0,0,0
FR,W13,3-School,Age group,60y+,0,0,0,0,0
FR,W14,3-School,Age group,18-29y,0,0,0,0,0
FR,W14,3-School,Age group,30-39y,0,0,0,0,0
FR,W14,3-School,Age group,40-49y,0,0,0,0,0
FR,W14,3-School,Age group,50-59y,0,0,0,0,0
FR,W14,3-School,Age group,60y+,0,0,0,0,0
FR,W13,3-School,HH size,1p,0,0,0,0,0
FR,W13,3-School,HH size,2p,0,0,0,0,0
FR,W13,3-School,HH size,3p,0,0,0,0,0
FR,W13,3-School,HH size,4p,0,0,0,0,0
FR,W13,3-School,HH size,5p,0,0,0,0,0
FR,W13,3-School,HH size,6p+,0,0,0,0,0
FR,W14,3-School,HH size,1p,0,0,0,0,0
FR,W14,3-School,HH size,2p,0,0,0,0,0
FR,W14,3-School,HH size,3p,0,0,0,0,0
FR,W14,3-School,HH size,4p,0,0,0,0,0
FR,W14,3-School,HH size,5p,0,0,0,0,0
FR,W14,3-School,HH size,6p+,0,0,0,0,0
FR,W13,4-Work,Sex,Females,0.609369178,0.106569074,0,0,0
FR,W13,4-Work,Sex,Males,0.751440138,0.212030221,0,0,0
FR,W14,4-Work,Sex,Females,0.916024974,0.132509212,0,0,0
FR,W14,4-Work,Sex,Males,0.952371835,0.228891439,0,0,0
FR,W13,4-Work,Age group,18-29y,0.86912444,0.318421769,0,0,0
FR,W13,4-Work,Age group,30-39y,1.360695705,0.453307573,0,0,0
FR,W13,4-Work,Age group,40-49y,1.338711544,0.468954595,0,0,0
FR,W13,4-Work,Age group,50-59y,1.189454441,0.319336378,0,0,0
FR,W13,4-Work,Age group,60y+,0.034215904,0.016521612,0,0,0
FR,W14,4-Work,Age group,18-29y,0.490798822,0.14116067,0,0,0
FR,W14,4-Work,Age group,30-39y,1.745599046,0.448788216,0,0,0
FR,W14,4-Work,Age group,40-49y,2.128196891,0.565229464,0,0,0
FR,W14,4-Work,Age group,50-59y,1.551670866,0.414904255,0,0,0
FR,W14,4-Work,Age group,60y+,0.148234307,0.089108992,0,0,0
FR,W13,4-Work,HH size,1p,0.61353466,0.198310068,0,0,0
FR,W13,4-Work,HH size,2p,0.694258966,0.172910019,0,0,0
FR,W13,4-Work,HH size,3p,0.706666628,0.293255091,0,0,0
FR,W13,4-Work,HH size,4p,0.369078487,0.174128931,0,0,0
FR,W13,4-Work,HH size,5p,0.711365019,0.465301216,0,0,0
FR,W13,4-Work,HH size,6p+,0,0,0,0,0
FR,W14,4-Work,HH size,1p,0.755448893,0.249557576,0,0,0
FR,W14,4-Work,HH size,2p,0.886424177,0.203882166,0,0,0
FR,W14,4-Work,HH size,3p,1.06745771,0.355032725,0,0,0
FR,W14,4-Work,HH size,4p,1.344323153,0.420596091,0,0,0
FR,W14,4-Work,HH size,5p,0.90651756,0.339631461,0,0,0
FR,W14,4-Work,HH size,6p+,0.781711837,0.492782072,0,0,0
FR,W13,5-Community,Sex,Females,0.45061419,0.041446879,0,0,0
FR,W13,5-Community,Sex,Males,0.49525388,0.075304017,0,0,0
FR,W14,5-Community,Sex,Females,0.40513003,0.041095824,0,0,0
FR,W14,5-Community,Sex,Males,0.506831747,0.071388897,0,0,0
FR,W13,5-Community,Age group,18-29y,0.292717887,0.066627294,0,0,0
FR,W13,5-Community,Age group,30-39y,0.450521181,0.121350592,0,0,0
FR,W13,5-Community,Age group,40-49y,0.37468933,0.077920755,0,0,0
FR,W13,5-Community,Age group,50-59y,0.616908096,0.112384155,0,0,0
FR,W13,5-Community,Age group,60y+,0.506702333,0.06520924,0,0,1
FR,W14,5-Community,Age group,18-29y,0.368160065,0.067790541,0,0,0
FR,W14,5-Community,Age group,30-39y,0.559839927,0.121070581,0,0,0
FR,W14,5-Community,Age group,40-49y,0.581449235,0.129878611,0,0,0
FR,W14,5-Community,Age group,50-59y,0.423976867,0.073511758,0,0,1
FR,W14,5-Community,Age group,60y+,0.428973882,0.071207613,0,0,0
FR,W13,5-Community,HH size,1p,0.430022162,0.075693053,0,0,0
FR,W13,5-Community,HH size,2p,0.528806478,0.061705652,0,0,1
FR,W13,5-Community,HH size,3p,0.379996607,0.103902749,0,0,0
FR,W13,5-Community,HH size,4p,0.391048275,0.111236638,0,0,0
FR,W13,5-Community,HH size,5p,0.299262602,0.120196187,0,0,0
FR,W13,5-Community,HH size,6p+,0.183669181,0.177157676,0,0,0
FR,W14,5-Community,HH size,1p,0.442216098,0.075857872,0,0,0
FR,W14,5-Community,HH size,2p,0.438727969,0.063377164,0,0,0
FR,W14,5-Community,HH size,3p,0.484035034,0.106271066,0,0,0
FR,W14,5-Community,HH size,4p,0.475903415,0.116977437,0,0,0
FR,W14,5-Community,HH size,5p,0.30649341,0.169865437,0,0,0
FR,W14,5-Community,HH size,6p+,0.519161151,0.186209457,0,0,1
IT,W13,1-Overall,Sex,Females,2.530737109,0.084063475,1,2,3
IT,W13,1-Overall,Sex,Males,3.002329761,0.164038744,1,2,3
IT,W14,1-Overall,Sex,Females,2.40671154,0.106863289,1,2,3
IT,W14,1-Overall,Sex,Males,2.814423358,0.183952266,1,2,4
IT,W13,1-Overall,Age group,18-29y,2.956444795,0.198372834,1,2,3
IT,W13,1-Overall,Age group,30-39y,3.486289907,0.24880866,1,2,4
IT,W13,1-Overall,Age group,40-49y,3.313580108,0.230532679,1,2,4
IT,W13,1-Overall,Age group,50-59y,3.022476354,0.204286808,1,2,4
IT,W13,1-Overall,Age group,60y+,1.665529986,0.106567845,0,1,2
IT,W14,1-Overall,Age group,18-29y,3.102544226,0.152035866,2,3,4
IT,W14,1-Overall,Age group,30-39y,3.166841244,0.310910148,1,2,4
IT,W14,1-Overall,Age group,40-49y,3.099521563,0.304457324,1,2,4
IT,W14,1-Overall,Age group,50-59y,2.736042448,0.273165889,1,2,3
IT,W14,1-Overall,Age group,60y+,1.707256477,0.163915492,0,1,2
IT,W13,1-Overall,HH size,1p,1.589118786,0.16767748,0,1,2
IT,W13,1-Overall,HH size,2p,2.260262905,0.13955759,1,1,2
IT,W13,1-Overall,HH size,3p,3.157944255,0.163472314,2,2,3
IT,W13,1-Overall,HH size,4p,4.35609307,0.259216367,3,3,4
IT,W13,1-Overall,HH size,5p,4.38662405,0.393764223,4,4,4
IT,W13,1-Overall,HH size,6p+,3.2648302,1.181253659,0,3,4
IT,W14,1-Overall,HH size,1p,1.560004496,0.180108351,0,1,2
IT,W14,1-Overall,HH size,2p,2.235373509,0.154060846,1,1,3
IT,W14,1-Overall,HH size,3p,3.228373143,0.23407906,2,2,3
IT,W14,1-Overall,HH size,4p,3.716977316,0.30293214,3,3,4
IT,W14,1-Overall,HH size,5p,4.206084437,0.47228507,3,4,5
IT,W14,1-Overall,HH size,6p+,0.845783759,0.771040208,0,0,0
IT,W13,2-Home,Sex,Females,1.541521009,0.036801369,1,1,2
IT,W13,2-Home,Sex,Males,1.620552971,0.054071698,1,2,2
IT,W14,2-Home,Sex,Females,1.502541512,0.05234261,1,1,2
IT,W14,2-Home,Sex,Males,1.603591118,0.072188217,1,1,3
IT,W13,2-Home,Age group,18-29y,2.089446876,0.058173882,1,2,3
IT,W13,2-Home,Age group,30-39y,1.610740472,0.06050797,1,1,2
IT,W13,2-Home,Age group,40-49y,1.745631644,0.080061979,1,2,3
IT,W13,2-Home,Age group,50-59y,1.63686122,0.074300792,1,2,2
IT,W13,2-Home,Age group,60y+,1.09854058,0.061399434,0,1,2
IT,W14,2-Home,Age group,18-29y,2.273231697,0.069293527,1,2,3
IT,W14,2-Home,Age group,30-39y,1.667066954,0.091703478,1,1,2
IT,W14,2-Home,Age group,40-49y,1.602941874,0.106437619,1,2,2
IT,W14,2-Home,Age group,50-59y,1.357516299,0.107768966,0,1,2
IT,W14,2-Home,Age group,60y+,1.048786464,0.078958746,0,1,2
IT,W13,2-Home,HH size,1p,0.428234755,0.040641052,0,0,1
IT,W13,2-Home,HH size,2p,1.109192015,0.025774677,1,1,1
IT,W13,2-Home,HH size,3p,2.023110103,0.049850277,2,2,2
IT,W13,2-Home,HH size,4p,2.961990115,0.066974417,3,3,3
IT,W13,2-Home,HH size,5p,3.303860422,0.197408845,3,4,4
IT,W13,2-Home,HH size,6p+,2.371027004,0.800077872,0,3,4
IT,W14,2-Home,HH size,1p,0.529706938,0.061796533,0,0,1
IT,W14,2-Home,HH size,2p,1.128631718,0.044884127,1,1,1
IT,W14,2-Home,HH size,3p,2.101420625,0.061365251,2,2,2
IT,W14,2-Home,HH size,4p,2.865812431,0.112772199,3,3,3
IT,W14,2-Home,HH size,5p,3.236918319,0.303680011,3,4,4
IT,W14,2-Home,HH size,6p+,0.680897264,0.632229675,0,0,0
IT,W13,3-School,Sex,Females,0,0,0,0,0
IT,W13,3-School,Sex,Males,0,0,0,0,0
IT,W14,3-School,Sex,Females,0,0,0,0,0
IT,W14,3-School,Sex,Males,0,0,0,0,0
IT,W13,3-School,Age group,18-29y,0,0,0,0,0
IT,W13,3-School,Age group,30-39y,0,0,0,0,0
IT,W13,3-School,Age group,40-49y,0,0,0,0,0
IT,W13,3-School,Age group,50-59y,0,0,0,0,0
IT,W13,3-School,Age group,60y+,0,0,0,0,0
IT,W14,3-School,Age group,18-29y,0,0,0,0,0
IT,W14,3-School,Age group,30-39y,0,0,0,0,0
IT,W14,3-School,Age group,40-49y,0,0,0,0,0
IT,W14,3-School,Age group,50-59y,0,0,0,0,0
IT,W14,3-School,Age group,60y+,0,0,0,0,0
IT,W13,3-School,HH size,1p,0,0,0,0,0
IT,W13,3-School,HH size,2p,0,0,0,0,0
IT,W13,3-School,HH size,3p,0,0,0,0,0
IT,W13,3-School,HH size,4p,0,0,0,0,0
IT,W13,3-School,HH size,5p,0,0,0,0,0
IT,W13,3-School,HH size,6p+,0,0,0,0,0
IT,W14,3-School,HH size,1p,0,0,0,0,0
IT,W14,3-School,HH size,2p,0,0,0,0,0
IT,W14,3-School,HH size,3p,0,0,0,0,0
IT,W14,3-School,HH size,4p,0,0,0,0,0
IT,W14,3-School,HH size,5p,0,0,0,0,0
IT,W14,3-School,HH size,6p+,0,0,0,0,0
IT,W13,4-Work,Sex,Females,0.61838494,0.063733272,0,0,0
IT,W13,4-Work,Sex,Males,0.9137107,0.129416603,0,0,0
IT,W14,4-Work,Sex,Females,0.489592442,0.074148278,0,0,0
IT,W14,4-Work,Sex,Males,0.62166336,0.132774835,0,0,0
IT,W13,4-Work,Age group,18-29y,0.627656651,0.152634754,0,0,0
IT,W13,4-Work,Age group,30-39y,1.533074329,0.232846937,0,0,0
IT,W13,4-Work,Age group,40-49y,1.152941073,0.196143662,0,0,0
IT,W13,4-Work,Age group,50-59y,0.751991423,0.145219102,0,0,0
IT,W13,4-Work,Age group,60y+,0.142672391,0.050329886,0,0,0
IT,W14,4-Work,Age group,18-29y,0.408801193,0.107239334,0,0,0
IT,W14,4-Work,Age group,30-39y,1.045822259,0.279012223,0,0,0
IT,W14,4-Work,Age group,40-49y,0.881400154,0.220227896,0,0,0
IT,W14,4-Work,Age group,50-59y,0.800131735,0.186819895,0,0,0
IT,W14,4-Work,Age group,60y+,0.168177956,0.09703606,0,0,0
IT,W13,4-Work,HH size,1p,0.796339663,0.163569958,0,0,0
IT,W13,4-Work,HH size,2p,0.739098987,0.120675405,0,0,0
IT,W13,4-Work,HH size,3p,0.705042982,0.128539179,0,0,0
IT,W13,4-Work,HH size,4p,0.918028384,0.2018741,0,0,0
IT,W13,4-Work,HH size,5p,0.797525021,0.269961503,0,0,0
IT,W13,4-Work,HH size,6p+,0.233071691,0.151570615,0,0,0
IT,W14,4-Work,HH size,1p,0.55281491,0.153154861,0,0,0
IT,W14,4-Work,HH size,2p,0.512964444,0.104574193,0,0,0
IT,W14,4-Work,HH size,3p,0.774067,0.204222146,0,0,0
IT,W14,4-Work,HH size,4p,0.395848134,0.20481497,0,0,0
IT,W14,4-Work,HH size,5p,0.429515247,0.189562186,0,0,0
IT,W14,4-Work,HH size,6p+,0,0,0,0,0
IT,W13,5-Community,Sex,Females,0.429532884,0.031355686,0,0,0
IT,W13,5-Community,Sex,Males,0.497126085,0.054529249,0,0,0
IT,W14,5-Community,Sex,Females,0.445871209,0.037700864,0,0,0
IT,W14,5-Community,Sex,Males,0.671895443,0.072673837,0,0,1
IT,W13,5-Community,Age group,18-29y,0.238083285,0.034610821,0,0,0
IT,W13,5-Community,Age group,30-39y,0.377926276,0.047957768,0,0,0
IT,W13,5-Community,Age group,40-49y,0.50674068,0.069437082,0,0,0
IT,W13,5-Community,Age group,50-59y,0.716283462,0.093560096,0,0,1
IT,W13,5-Community,Age group,60y+,0.466994978,0.063156191,0,0,0
IT,W14,5-Community,Age group,18-29y,0.40908526,0.062705579,0,0,0
IT,W14,5-Community,Age group,30-39y,0.634095376,0.1181801,0,0,0.761218003
IT,W14,5-Community,Age group,40-49y,0.530635309,0.086025491,0,0,1
IT,W14,5-Community,Age group,50-59y,0.601421845,0.11676864,0,0,1
IT,W14,5-Community,Age group,60y+,0.595076247,0.072681215,0,0,1
IT,W13,5-Community,HH size,1p,0.462362623,0.061353829,0,0,0
IT,W13,5-Community,HH size,2p,0.448050922,0.050720191,0,0,0
IT,W13,5-Community,HH size,3p,0.441272693,0.050100828,0,0,0
IT,W13,5-Community,HH size,4p,0.56584926,0.108436267,0,0,0
IT,W13,5-Community,HH size,5p,0.350446376,0.127997113,0,0,0
IT,W13,5-Community,HH size,6p+,0.323795123,0.136478547,0,0,0
IT,W14,5-Community,HH size,1p,0.555512876,0.079824645,0,0,1
IT,W14,5-Community,HH size,2p,0.620820539,0.069558007,0,0,1
IT,W14,5-Community,HH size,3p,0.449078962,0.068305877,0,0,1
IT,W14,5-Community,HH size,4p,0.515400217,0.113811668,0,0,0
IT,W14,5-Community,HH size,5p,0.612425768,0.182989393,0,0,1
IT,W14,5-Community,HH size,6p+,0.48093269,0.341286506,0,0,0
NL,W14,1-Overall,Sex,Females,3.950861512,0.162854976,1,3,5
NL,W14,1-Overall,Sex,Males,4.559075811,0.259163741,1,3,6
NL,W14,1-Overall,Age group,18-29y,5.319943306,0.420867092,2,3,6
NL,W14,1-Overall,Age group,30-39y,3.941096093,0.449185535,1,2,4
NL,W14,1-Overall,Age group,40-49y,5.102211734,0.384655479,2,4,6
NL,W14,1-Overall,Age group,50-59y,5.289122249,0.364300965,2,3,7
NL,W14,1-Overall,Age group,60y+,2.781616697,0.15328,1,2,4
NL,W14,1-Overall,HH size,1p,2.977711489,0.285564701,0,1,3
NL,W14,1-Overall,HH size,2p,3.685851061,0.201694204,1,2,4
NL,W14,1-Overall,HH size,3p,5.057361163,0.416496054,2,3,6
NL,W14,1-Overall,HH size,4p,5.805288954,0.327940667,3,4,7
NL,W14,1-Overall,HH size,5p,6.382204385,0.867002517,4,4,7
NL,W14,1-Overall,HH size,6p+,7.957338077,3.443658647,1,3,9
NL,W14,2-Home,Sex,Females,1.596941987,0.039756699,1,1,3
NL,W14,2-Home,Sex,Males,1.591833363,0.067767736,1,1,3
NL,W14,2-Home,Age group,18-29y,1.990877394,0.100208747,1,2,3
NL,W14,2-Home,Age group,30-39y,1.60135373,0.11480349,1,1,3
NL,W14,2-Home,Age group,40-49y,2.066549551,0.108921434,1,2,3
NL,W14,2-Home,Age group,50-59y,1.601041045,0.071669468,1,1,2.783072525
NL,W14,2-Home,Age group,60y+,1.124814099,0.042091709,0,1,2
NL,W14,2-Home,HH size,1p,0.550752406,0.048652416,0,0,1
NL,W14,2-Home,HH size,2p,1.191404443,0.032240763,1,1,1
NL,W14,2-Home,HH size,3p,2.070096276,0.05777939,2,2,3
NL,W14,2-Home,HH size,4p,3.127362506,0.068773698,3,3,4
NL,W14,2-Home,HH size,5p,3.336939148,0.205652833,4,4,4
NL,W14,2-Home,HH size,6p+,2.510571168,0.381383118,1,3,4
NL,W14,3-School,Sex,Females,0,0,0,0,0
NL,W14,3-School,Sex,Males,0,0,0,0,0
NL,W14,3-School,Age group,18-29y,0,0,0,0,0
NL,W14,3-School,Age group,30-39y,0,0,0,0,0
NL,W14,3-School,Age group,40-49y,0,0,0,0,0
NL,W14,3-School,Age group,50-59y,0,0,0,0,0
NL,W14,3-School,Age group,60y+,0,0,0,0,0
NL,W14,3-School,HH size,1p,0,0,0,0,0
NL,W14,3-School,HH size,2p,0,0,0,0,0
NL,W14,3-School,HH size,3p,0,0,0,0,0
NL,W14,3-School,HH size,4p,0,0,0,0,0
NL,W14,3-School,HH size,5p,0,0,0,0,0
NL,W14,3-School,HH size,6p+,0,0,0,0,0
NL,W14,4-Work,Sex,Females,1.640728097,0.146108552,0,0,0
NL,W14,4-Work,Sex,Males,2.248819646,0.21491749,0,0,2
NL,W14,4-Work,Age group,18-29y,2.464729807,0.338962565,0,0,2
NL,W14,4-Work,Age group,30-39y,1.834835982,0.386735084,0,0,0
NL,W14,4-Work,Age group,40-49y,2.383520563,0.339078478,0,0,2.41375227
NL,W14,4-Work,Age group,50-59y,3.006656927,0.331484952,0,0,4
NL,W14,4-Work,Age group,60y+,0.824932573,0.126216371,0,0,0
NL,W14,4-Work,HH size,1p,1.513133816,0.241593443,0,0,0
NL,W14,4-Work,HH size,2p,1.588641178,0.170891448,0,0,0
NL,W14,4-Work,HH size,3p,2.514762643,0.363173219,0,0,2
NL,W14,4-Work,HH size,4p,1.983905826,0.285600609,0,0,1
NL,W14,4-Work,HH size,5p,2.525960521,0.651235047,0,0,3
NL,W14,4-Work,HH size,6p+,4.295210914,1.536249148,0,0,5
NL,W14,5-Community,Sex,Females,0.924622802,0.047618942,0,0,1
NL,W14,5-Community,Sex,Males,0.96016274,0.070762324,0,0,2
NL,W14,5-Community,Age group,18-29y,0.998224802,0.105597904,0,0,2
NL,W14,5-Community,Age group,30-39y,0.834073948,0.126356928,0,0,1
NL,W14,5-Community,Age group,40-49y,0.955795902,0.122162916,0,0,1.76677966
NL,W14,5-Community,Age group,50-59y,0.985028147,0.086647573,0,0,2
NL,W14,5-Community,Age group,60y+,0.908680822,0.05561979,0,0,1.251358194
NL,W14,5-Community,HH size,1p,1.007143947,0.088242659,0,0,2
NL,W14,5-Community,HH size,2p,0.932633889,0.058312294,0,0,1
NL,W14,5-Community,HH size,3p,0.978780253,0.120591963,0,0,1
NL,W14,5-Community,HH size,4p,0.882843434,0.108952124,0,0,2
NL,W14,5-Community,HH size,5p,0.872939814,0.191280425,0,0,2
NL,W14,5-Community,HH size,6p+,1.082269258,0.407519589,0,0,1
UK,W13,1-Overall,Sex,Females,2.931304713,0.100717361,1,2,4
UK,W13,1-Overall,Sex,Males,3.436346283,0.196520605,1,2,4
UK,W14,1-Overall,Sex,Females,2.521698251,0.127929448,1,2,3
UK,W14,1-Overall,Sex,Males,2.498591346,0.163397687,1,2,3
UK,W13,1-Overall,Age group,18-29y,3.864870298,0.390439792,1,2,4
UK,W13,1-Overall,Age group,30-39y,3.868689381,0.306702404,1,3,4
UK,W13,1-Overall,Age group,40-49y,3.625027672,0.275905686,1,3,4
UK,W13,1-Overall,Age group,50-59y,3.359282725,0.19740212,1,2,4
UK,W13,1-Overall,Age group,60y+,2.10106121,0.080539556,1,1,3
UK,W14,1-Overall,Age group,18-29y,2.877031891,0.298635479,1,2,3
UK,W14,1-Overall,Age group,30-39y,2.910971029,0.268653537,1,3,4
UK,W14,1-Overall,Age group,40-49y,2.658947106,0.266463442,1,2,3.261414749
UK,W14,1-Overall,Age group,50-59y,3.085060724,0.272304637,1,2,4
UK,W14,1-Overall,Age group,60y+,1.834798275,0.119584768,1,1,2
UK,W13,1-Overall,HH size,1p,1.972003464,0.215484,0,1,2
UK,W13,1-Overall,HH size,2p,2.722281871,0.14367894,1,1,3
UK,W13,1-Overall,HH size,3p,3.683713959,0.231294235,2,2,4
UK,W13,1-Overall,HH size,4p,5.023781605,0.373336058,3,3,5
UK,W13,1-Overall,HH size,5p,4.746375281,0.4093429,4,4,5
UK,W13,1-Overall,HH size,6p+,6.034000245,2.209522485,1,4,8
UK,W14,1-Overall,HH size,1p,1.442992456,0.183736963,0,1,2
UK,W14,1-Overall,HH size,2p,2.067609152,0.14494937,1,1,2
UK,W14,1-Overall,HH size,3p,3.280161847,0.261939026,2,3,3
UK,W14,1-Overall,HH size,4p,3.812062782,0.294060591,3,3,4
UK,W14,1-Overall,HH size,5p,4.599398489,0.457350452,4,4,4
UK,W14,1-Overall,HH size,6p+,2.079149416,1.34169336,0,0,3
UK,W13,2-Home,Sex,Females,1.580094357,0.031599515,1,1,2
UK,W13,2-Home,Sex,Males,1.430686617,0.04618553,1,1,2
UK,W14,2-Home,Sex,Females,1.49782456,0.049208574,1,1,2
UK,W14,2-Home,Sex,Males,1.452241861,0.079201389,1,1,2
UK,W13,2-Home,Age group,18-29y,1.824149081,0.08770548,1,2,3
UK,W13,2-Home,Age group,30-39y,1.766742827,0.071547418,1,1,3
UK,W13,2-Home,Age group,40-49y,1.750969167,0.078866055,1,2,3
UK,W13,2-Home,Age group,50-59y,1.496757891,0.05123976,1,1,2
UK,W13,2-Home,Age group,60y+,1.066182347,0.029234653,0,1,1
UK,W14,2-Home,Age group,18-29y,1.976947794,0.135268173,1,2,3
UK,W14,2-Home,Age group,30-39y,1.942781395,0.135096306,1,2,3
UK,W14,2-Home,Age group,40-49y,1.4968343,0.12265801,0,1,2
UK,W14,2-Home,Age group,50-59y,1.507984335,0.078087349,1,1,2
UK,W14,2-Home,Age group,60y+,1.028113444,0.044767206,0,1,1
UK,W13,2-Home,HH size,1p,0.386446239,0.040639224,0,0,1
UK,W13,2-Home,HH size,2p,1.110157819,0.018070355,1,1,1
UK,W13,2-Home,HH size,3p,2.079333484,0.042472465,2,2,2
UK,W13,2-Home,HH size,4p,2.9594046,0.054258768,3,3,3
UK,W13,2-Home,HH size,5p,3.264913786,0.185800875,3,4,4
UK,W13,2-Home,HH size,6p+,2.594714818,0.408530413,1,3,4
UK,W14,2-Home,HH size,1p,0.363132547,0.049364348,0,0,1
UK,W14,2-Home,HH size,2p,1.064278572,0.024773804,1,1,1
UK,W14,2-Home,HH size,3p,2.152043268,0.051133671,2,2,2
UK,W14,2-Home,HH size,4p,2.838130196,0.125053627,3,3,3
UK,W14,2-Home,HH size,5p,3.622681379,0.183078319,4,4,4
UK,W14,2-Home,HH size,6p+,1.751401941,1.083038045,0,0,2
UK,W13,3-School,Sex,Females,0,0,0,0,0
UK,W13,3-School,Sex,Males,0,0,0,0,0
UK,W14,3-School,Sex,Females,0,0,0,0,0
UK,W14,3-School,Sex,Males,0,0,0,0,0
UK,W13,3-School,Age group,18-29y,0,0,0,0,0
UK,W13,3-School,Age group,30-39y,0,0,0,0,0
UK,W13,3-School,Age group,40-49y,0,0,0,0,0
UK,W13,3-School,Age group,50-59y,0,0,0,0,0
UK,W13,3-School,Age group,60y+,0,0,0,0,0
UK,W14,3-School,Age group,18-29y,0,0,0,0,0
UK,W14,3-School,Age group,30-39y,0,0,0,0,0
UK,W14,3-School,Age group,40-49y,0,0,0,0,0
UK,W14,3-School,Age group,50-59y,0,0,0,0,0
UK,W14,3-School,Age group,60y+,0,0,0,0,0
UK,W13,3-School,HH size,1p,0,0,0,0,0
UK,W13,3-School,HH size,2p,0,0,0,0,0
UK,W13,3-School,HH size,3p,0,0,0,0,0
UK,W13,3-School,HH size,4p,0,0,0,0,0
UK,W13,3-School,HH size,5p,0,0,0,0,0
UK,W13,3-School,HH size,6p+,0,0,0,0,0
UK,W14,3-School,HH size,1p,0,0,0,0,0
UK,W14,3-School,HH size,2p,0,0,0,0,0
UK,W14,3-School,HH size,3p,0,0,0,0,0
UK,W14,3-School,HH size,4p,0,0,0,0,0
UK,W14,3-School,HH size,5p,0,0,0,0,0
UK,W14,3-School,HH size,6p+,0,0,0,0,0
UK,W13,4-Work,Sex,Females,0.884803709,0.087929921,0,0,0
UK,W13,4-Work,Sex,Males,1.355633499,0.166095022,0,0,0
UK,W14,4-Work,Sex,Females,0.570738073,0.099593232,0,0,0
UK,W14,4-Work,Sex,Males,0.571870769,0.155443237,0,0,0
UK,W13,4-Work,Age group,18-29y,1.58191399,0.343488716,0,0,0
UK,W13,4-Work,Age group,30-39y,1.479009023,0.246050874,0,0,0
UK,W13,4-Work,Age group,40-49y,1.554281779,0.252497455,0,0,0
UK,W13,4-Work,Age group,50-59y,1.238886936,0.166852976,0,0,0
UK,W13,4-Work,Age group,60y+,0.344885592,0.055369283,0,0,0
UK,W14,4-Work,Age group,18-29y,0.737190129,0.329241263,0,0,0
UK,W14,4-Work,Age group,30-39y,0.483691469,0.182629681,0,0,0
UK,W14,4-Work,Age group,40-49y,0.73254268,0.209110852,0,0,0
UK,W14,4-Work,Age group,50-59y,0.827031308,0.215189093,0,0,0
UK,W14,4-Work,Age group,60y+,0.309668145,0.085446382,0,0,0
UK,W13,4-Work,HH size,1p,0.882356238,0.177583332,0,0,0
UK,W13,4-Work,HH size,2p,1.001245878,0.130485216,0,0,0
UK,W13,4-Work,HH size,3p,1.258516477,0.223789611,0,0,0
UK,W13,4-Work,HH size,4p,1.665018534,0.336255691,0,0,0
UK,W13,4-Work,HH size,5p,1.004114386,0.302696864,0,0,0
UK,W13,4-Work,HH size,6p+,0.839972511,0.415639513,0,0,0
UK,W14,4-Work,HH size,1p,0.52825374,0.160160562,0,0,0
UK,W14,4-Work,HH size,2p,0.532899232,0.117079999,0,0,0
UK,W14,4-Work,HH size,3p,0.513777934,0.213914503,0,0,0
UK,W14,4-Work,HH size,4p,0.509855679,0.203629254,0,0,0
UK,W14,4-Work,HH size,5p,0.628142534,0.317868188,0,0,0
UK,W14,4-Work,HH size,6p+,2.505882914,1.631198386,0,0,0
UK,W13,5-Community,Sex,Females,0.624706211,0.032936644,0,0,1
UK,W13,5-Community,Sex,Males,0.712287983,0.053563186,0,0,1
UK,W14,5-Community,Sex,Females,0.519684309,0.045959096,0,0,0
UK,W14,5-Community,Sex,Males,0.655712241,0.077171359,0,0,1
UK,W13,5-Community,Age group,18-29y,0.408861749,0.066242674,0,0,0
UK,W13,5-Community,Age group,30-39y,0.724694736,0.091527736,0,0,1
UK,W13,5-Community,Age group,40-49y,0.720315827,0.086420405,0,0,1
UK,W13,5-Community,Age group,50-59y,0.676171243,0.059253256,0,0,1
UK,W13,5-Community,Age group,60y+,0.726551447,0.042288592,0,0,1
UK,W14,5-Community,Age group,18-29y,0.505466552,0.124251804,0,0,1
UK,W14,5-Community,Age group,30-39y,0.681057363,0.14632079,0,0,1
UK,W14,5-Community,Age group,40-49y,0.524859748,0.103993819,0,0,0
UK,W14,5-Community,Age group,50-59y,0.702201806,0.092066807,0,0,1
UK,W14,5-Community,Age group,60y+,0.541549706,0.055675792,0,0,1
UK,W13,5-Community,HH size,1p,0.685479846,0.066156542,0,0,1
UK,W13,5-Community,HH size,2p,0.682333068,0.043647182,0,0,1
UK,W13,5-Community,HH size,3p,0.595075428,0.072457702,0,0,1
UK,W13,5-Community,HH size,4p,0.665600742,0.095612359,0,0,1
UK,W13,5-Community,HH size,5p,0.597280701,0.126860508,0,0,1
UK,W13,5-Community,HH size,6p+,0.81547495,0.325521885,0,0,0
UK,W14,5-Community,HH size,1p,0.611168421,0.091718,0,0,1
UK,W14,5-Community,HH size,2p,0.543194839,0.061584477,0,0,1
UK,W14,5-Community,HH size,3p,0.650552356,0.119550457,0,0,1
UK,W14,5-Community,HH size,4p,0.451871829,0.09285553,0,0,0
UK,W14,5-Community,HH size,5p,0.43180259,0.142056937,0,0,1
UK,W14,5-Community,HH size,6p+,0.986056388,0.382214634,0,0,2
US,W13,1-Overall,Sex,Females,3.503936664,0.116866171,1,2,4
US,W13,1-Overall,Sex,Males,4.348997959,0.255170043,1,3,5
US,W14,1-Overall,Sex,Females,3.312347565,0.113315919,1,2,4
US,W14,1-Overall,Sex,Males,3.934557612,0.265777813,1,2,4.588350505
US,W13,1-Overall,Age group,18-29y,4.452434219,0.37006073,1,3,5
US,W13,1-Overall,Age group,30-39y,4.693572833,0.335156114,2,3,5.767614059
US,W13,1-Overall,Age group,40-49y,4.687252004,0.493154119,1,3,5
US,W13,1-Overall,Age group,50-59y,4.088168492,0.233598519,1,3,5
US,W13,1-Overall,Age group,60y+,2.513821546,0.091589569,1,2,3
US,W14,1-Overall,Age group,18-29y,3.820095037,0.367079699,1,2,4
US,W14,1-Overall,Age group,30-39y,4.255989719,0.374763148,1,3,5
US,W14,1-Overall,Age group,40-49y,4.066240483,0.35789861,1,3,4
US,W14,1-Overall,Age group,50-59y,3.930221693,0.25147128,1,2.04397176,5
US,W14,1-Overall,Age group,60y+,2.596039587,0.10867513,1,2,3
US,W13,1-Overall,HH size,1p,3.408498986,0.463701161,0,1,4
US,W13,1-Overall,HH size,2p,3.153867396,0.175875026,1,2,3
US,W13,1-Overall,HH size,3p,4.390190768,0.279091034,2,3,5
US,W13,1-Overall,HH size,4p,5.173040596,0.324754939,3,3,6
US,W13,1-Overall,HH size,5p,5.729709896,0.748211568,4,4,6
US,W13,1-Overall,HH size,6p+,5.319983923,1.086022769,2,4,7
US,W14,1-Overall,HH size,1p,2.206993229,0.224540724,0,1,3
US,W14,1-Overall,HH size,2p,3.371448852,0.213808919,1,2,4
US,W14,1-Overall,HH size,3p,4.096373389,0.296699314,2,3,5
US,W14,1-Overall,HH size,4p,4.893216256,0.281040069,3,3,5
US,W14,1-Overall,HH size,5p,5.159516491,0.426068518,4,4,5
US,W14,1-Overall,HH size,6p+,2.71842013,0.655844394,0,2,4
US,W13,2-Home,Sex,Females,1.700991421,0.030641436,1,1,3
US,W13,2-Home,Sex,Males,1.651546716,0.04965288,1,1,3
US,W14,2-Home,Sex,Females,1.663544201,0.030851702,1,1,3
US,W14,2-Home,Sex,Males,1.430389641,0.053964399,1,1,2
US,W13,2-Home,Age group,18-29y,1.826766436,0.072596249,1,2,3
US,W13,2-Home,Age group,30-39y,2.067983185,0.07779736,1,2,3
US,W13,2-Home,Age group,40-49y,1.884041727,0.081016526,1,2,3
US,W13,2-Home,Age group,50-59y,1.609198151,0.057311516,1,1,2
US,W13,2-Home,Age group,60y+,1.197796352,0.029977803,1,1,2
US,W14,2-Home,Age group,18-29y,1.752116383,0.088489522,1,2,3
US,W14,2-Home,Age group,30-39y,1.769128083,0.072077051,1,2,3
US,W14,2-Home,Age group,40-49y,1.801747409,0.078471746,1,2,3
US,W14,2-Home,Age group,50-59y,1.523315995,0.056922877,1,1,2
US,W14,2-Home,Age group,60y+,1.242820496,0.033262195,1,1,2
US,W13,2-Home,HH size,1p,0.479175012,0.051358845,0,0,1
US,W13,2-Home,HH size,2p,1.240750677,0.021865619,1,1,1
US,W13,2-Home,HH size,3p,2.150323071,0.042242365,2,2,2
US,W13,2-Home,HH size,4p,2.875845349,0.065695128,3,3,3
US,W13,2-Home,HH size,5p,3.649149265,0.091003905,4,4,4
US,W13,2-Home,HH size,6p+,2.815205001,0.270922854,2,3,4
US,W14,2-Home,HH size,1p,0.43582278,0.043571297,0,0,1
US,W14,2-Home,HH size,2p,1.183069766,0.023846928,1,1,1
US,W14,2-Home,HH size,3p,2.116608539,0.043255266,2,2,2
US,W14,2-Home,HH size,4p,2.982816589,0.063604693,3,3,3
US,W14,2-Home,HH size,5p,3.53265365,0.111849675,4,4,4
US,W14,2-Home,HH size,6p+,1.717527025,0.455819305,0,1,3
US,W13,3-School,Sex,Females,0,0,0,0,0
US,W13,3-School,Sex,Males,0,0,0,0,0
US,W14,3-School,Sex,Females,0,0,0,0,0
US,W14,3-School,Sex,Males,0,0,0,0,0
US,W13,3-School,Age group,18-29y,0,0,0,0,0
US,W13,3-School,Age group,30-39y,0,0,0,0,0
US,W13,3-School,Age group,40-49y,0,0,0,0,0
US,W13,3-School,Age group,50-59y,0,0,0,0,0
US,W13,3-School,Age group,60y+,0,0,0,0,0
US,W14,3-School,Age group,18-29y,0,0,0,0,0
US,W14,3-School,Age group,30-39y,0,0,0,0,0
US,W14,3-School,Age group,40-49y,0,0,0,0,0
US,W14,3-School,Age group,50-59y,0,0,0,0,0
US,W14,3-School,Age group,60y+,0,0,0,0,0
US,W13,3-School,HH size,1p,0,0,0,0,0
US,W13,3-School,HH size,2p,0,0,0,0,0
US,W13,3-School,HH size,3p,0,0,0,0,0
US,W13,3-School,HH size,4p,0,0,0,0,0
US,W13,3-School,HH size,5p,0,0,0,0,0
US,W13,3-School,HH size,6p+,0,0,0,0,0
US,W14,3-School,HH size,1p,0,0,0,0,0
US,W14,3-School,HH size,2p,0,0,0,0,0
US,W14,3-School,HH size,3p,0,0,0,0,0
US,W14,3-School,HH size,4p,0,0,0,0,0
US,W14,3-School,HH size,5p,0,0,0,0,0
US,W14,3-School,HH size,6p+,0,0,0,0,0
US,W13,4-Work,Sex,Females,1.135009909,0.101211916,0,0,0
US,W13,4-Work,Sex,Males,1.936068139,0.216401492,0,0,0
US,W14,4-Work,Sex,Females,1.017364861,0.09504861,0,0,0
US,W14,4-Work,Sex,Males,1.715005518,0.227231741,0,0,0
US,W13,4-Work,Age group,18-29y,1.826238808,0.310092784,0,0,0
US,W13,4-Work,Age group,30-39y,1.905830858,0.274511303,0,0,0
US,W13,4-Work,Age group,40-49y,2.434591473,0.429291273,0,0,0.789698559
US,W13,4-Work,Age group,50-59y,1.638717814,0.197551767,0,0,0
US,W13,4-Work,Age group,60y+,0.477046868,0.068585731,0,0,0
US,W14,4-Work,Age group,18-29y,1.367986912,0.294432447,0,0,0
US,W14,4-Work,Age group,30-39y,1.738483547,0.309053416,0,0,0
US,W14,4-Work,Age group,40-49y,1.793274526,0.334253837,0,0,0
US,W14,4-Work,Age group,50-59y,1.7524942,0.24278435,0,0,0
US,W14,4-Work,Age group,60y+,0.529224505,0.086491521,0,0,0
US,W13,4-Work,HH size,1p,2.035958716,0.431498949,0,0,0
US,W13,4-Work,HH size,2p,1.163803256,0.154735777,0,0,0
US,W13,4-Work,HH size,3p,1.634892866,0.248851727,0,0,0
US,W13,4-Work,HH size,4p,1.677612035,0.278614445,0,0,0
US,W13,4-Work,HH size,5p,1.715792671,0.548684659,0,0,0
US,W13,4-Work,HH size,6p+,1.975132135,0.518344611,0,0,0
US,W14,4-Work,HH size,1p,0.968910947,0.19073639,0,0,0
US,W14,4-Work,HH size,2p,1.484552287,0.190286305,0,0,0
US,W14,4-Work,HH size,3p,1.31945028,0.276795877,0,0,0
US,W14,4-Work,HH size,4p,1.295835574,0.27567182,0,0,0
US,W14,4-Work,HH size,5p,1.094214838,0.274968954,0,0,0
US,W14,4-Work,HH size,6p+,0.960778661,0.40446698,0,0,0
US,W13,5-Community,Sex,Females,0.742764908,0.033145907,0,0,1
US,W13,5-Community,Sex,Males,0.957852399,0.061946029,0,0,2
US,W14,5-Community,Sex,Females,0.719908199,0.036524612,0,0,1
US,W14,5-Community,Sex,Males,0.86425513,0.0610873,0,0,1
US,W13,5-Community,Age group,18-29y,0.792065359,0.091655124,0,0,1
US,W13,5-Community,Age group,30-39y,0.772522463,0.081706936,0,0,1
US,W13,5-Community,Age group,40-49y,0.817170512,0.08388569,0,0,1
US,W13,5-Community,Age group,50-59y,0.966088269,0.076777227,0,0,2
US,W13,5-Community,Age group,60y+,0.924339376,0.045857227,0,0,1
US,W14,5-Community,Age group,18-29y,0.737670684,0.091104065,0,0,1
US,W14,5-Community,Age group,30-39y,0.680766169,0.074965918,0,0,1
US,W14,5-Community,Age group,40-49y,0.746051873,0.083898986,0,0,1
US,W14,5-Community,Age group,50-59y,0.866338922,0.077417273,0,0,1
US,W14,5-Community,Age group,60y+,0.838707546,0.047176524,0,0,1
US,W13,5-Community,HH size,1p,0.986514338,0.103911079,0,0,2
US,W13,5-Community,HH size,2p,0.844343066,0.051179564,0,0,1
US,W13,5-Community,HH size,3p,0.732010362,0.073161687,0,0,1
US,W13,5-Community,HH size,4p,0.846707843,0.092912516,0,0,1
US,W13,5-Community,HH size,5p,0.672904645,0.119031068,0,0,1
US,W13,5-Community,HH size,6p+,0.93017011,0.169707305,0,0,1
US,W14,5-Community,HH size,1p,0.86867418,0.081633016,0,0,1
US,W14,5-Community,HH size,2p,0.760117963,0.049092241,0,0,1
US,W14,5-Community,HH size,3p,0.766409993,0.077676655,0,0,1
US,W14,5-Community,HH size,4p,0.739241548,0.08104148,0,0,1
US,W14,5-Community,HH size,5p,0.796822754,0.183029917,0,0,1
US,W14,5-Community,HH size,6p+,0.83926386,0.162909382,0,0,1
