"cont_id","cnt_relation","cnt_hospital"
"1001_1",1,FALSE
"1001_2",1,FALSE
"1002_1",1,FALSE
"1002_2",1,FALSE
"1003_1",1,FALSE
"1003_2",1,FALSE
"1003_3",1,FALSE
"1003_4",1,FALSE
"1005_1",1,FALSE
"1005_2",1,NA
"1005_3",1,NA
"1006_1",1,FALSE
"1006_2",1,FALSE
"1006_3",1,FALSE
"1006_4",1,FALSE
"1007_1",1,FALSE
"1007_2",1,FALSE
"1007_3",1,FALSE
"1007_4",1,FALSE
"1008_1",1,FALSE
"1008_2",1,FALSE
"1010_1",1,FALSE
"1010_2",1,FALSE
"1010_3",1,FALSE
"1011_1",1,FALSE
"1011_2",1,FALSE
"1012_1",1,NA
"1013_1",1,FALSE
"1013_2",1,FALSE
"1014_1",1,FALSE
"1015_1",1,FALSE
"1015_2",1,FALSE
"1015_3",1,FALSE
"1016_1",1,FALSE
"1018_1",1,FALSE
"1019_1",1,FALSE
"1019_2",1,NA
"1020_1",1,FALSE
"1021_1",1,FALSE
"1021_2",1,FALSE
"1022_1",NA,NA
"1023_1",1,FALSE
"1024_1",2,FALSE
"1025_1",NA,NA
"1025_2",NA,NA
"1027_1",1,FALSE
"1027_2",1,FALSE
"1028_1",1,FALSE
"1029_1",1,FALSE
"1029_2",1,FALSE
"1029_3",1,FALSE
"1030_1",1,FALSE
"1031_1",1,FALSE
"1032_1",1,FALSE
"1032_2",1,FALSE
"1033_1",1,NA
"1033_2",1,NA
"1034_1",1,FALSE
"1034_2",1,FALSE
"1034_3",1,FALSE
"1035_1",1,NA
"1035_2",1,NA
"1035_3",1,FALSE
"1036_1",1,FALSE
"1036_2",1,FALSE
"1036_3",1,FALSE
"1036_4",1,FALSE
"1037_1",1,FALSE
"1039_1",1,FALSE
"1039_2",1,FALSE
"1039_3",1,FALSE
"1039_4",1,FALSE
"1040_1",1,FALSE
"1040_2",1,FALSE
"1040_3",1,FALSE
"1041_1",1,FALSE
"1041_2",1,FALSE
"1041_3",1,FALSE
"1042_1",1,FALSE
"1043_1",1,FALSE
"1043_2",1,FALSE
"1044_1",1,FALSE
"1045_1",1,FALSE
"1046_1",1,FALSE
"1046_2",3,FALSE
"1047_1",1,FALSE
"1047_2",1,FALSE
"1048_1",1,FALSE
"1048_2",1,FALSE
"1049_1",1,FALSE
"1049_2",1,FALSE
"1049_3",1,FALSE
"1049_4",1,FALSE
"1050_1",1,FALSE
"1050_2",1,FALSE
"1050_3",1,FALSE
"1050_4",1,FALSE
"1051_1",1,FALSE
"1051_2",1,FALSE
"1052_1",1,FALSE
"1052_2",1,FALSE
"1053_1",2,FALSE
"1053_2",2,FALSE
"1054_1",1,FALSE
"1055_1",1,NA
"1055_2",1,NA
"1055_3",1,NA
"1055_4",1,NA
"1055_5",2,FALSE
"1056_1",1,FALSE
"1057_1",1,FALSE
"1057_2",1,FALSE
"1058_1",1,FALSE
"1058_2",1,FALSE
"1059_1",1,FALSE
"1059_2",1,FALSE
"1059_3",1,FALSE
"1059_4",1,FALSE
"1060_1",1,FALSE
"1060_2",1,FALSE
"1061_1",1,FALSE
"1061_2",1,FALSE
"1062_1",1,FALSE
"1062_2",1,FALSE
"1063_1",1,FALSE
"1064_1",1,FALSE
"1064_2",1,FALSE
"1066_1",1,FALSE
"1067_1",1,FALSE
"1069_1",1,FALSE
"1071_1",1,FALSE
"1072_1",1,FALSE
"1072_2",1,FALSE
"1072_3",1,FALSE
"1072_4",1,FALSE
"1073_1",2,NA
"1074_1",1,FALSE
"1075_1",1,FALSE
"1075_2",1,FALSE
"1076_1",1,FALSE
"1077_1",1,FALSE
"1079_1",1,FALSE
"1079_2",1,FALSE
"1080_1",NA,NA
"1080_2",NA,NA
"1080_3",NA,NA
"1080_4",NA,NA
"1081_1",1,FALSE
"1081_2",1,NA
"1082_1",1,FALSE
"1083_1",1,FALSE
"1083_2",1,FALSE
"1084_1",1,FALSE
"1085_1",1,FALSE
"1087_1",1,FALSE
"1087_2",1,FALSE
"1087_3",1,FALSE
"1087_4",1,FALSE
"1088_1",1,FALSE
"1088_2",1,FALSE
"1089_1",1,FALSE
"1089_2",1,FALSE
"1089_3",1,FALSE
"1089_4",1,FALSE
"1090_1",1,FALSE
"1090_2",1,FALSE
"1091_1",1,NA
"1091_2",1,FALSE
"1092_1",1,FALSE
"1093_1",1,FALSE
"1093_2",1,FALSE
"1093_3",1,FALSE
"1094_1",1,FALSE
"1094_2",1,FALSE
"1095_1",1,FALSE
"1096_1",1,FALSE
"1096_2",1,FALSE
"1097_1",1,FALSE
"1097_2",1,FALSE
"1098_1",1,FALSE
"1099_1",1,FALSE
"1100_1",1,FALSE
"1100_2",1,FALSE
"1100_3",1,FALSE
"1101_1",1,FALSE
"1101_2",1,FALSE
"1102_1",1,FALSE
"1102_2",1,FALSE
"1103_1",1,FALSE
"1103_2",1,FALSE
"1103_3",1,FALSE
"1105_1",1,FALSE
"1105_2",1,FALSE
"1106_1",1,FALSE
"1106_2",1,FALSE
"1107_1",1,FALSE
"1107_2",1,FALSE
"1107_3",1,FALSE
"1108_1",1,FALSE
"1108_2",1,FALSE
"1109_1",1,NA
"1109_2",1,FALSE
"1110_1",1,FALSE
"1111_1",1,FALSE
"1111_2",1,FALSE
"1112_1",1,FALSE
"1112_2",1,FALSE
"1112_3",1,FALSE
"1113_1",1,FALSE
"1114_1",1,FALSE
"1114_2",1,FALSE
"1115_1",1,FALSE
"1116_1",1,FALSE
"1116_2",1,FALSE
"1116_3",1,FALSE
"1116_4",1,FALSE
"1116_5",1,FALSE
"1116_6",1,FALSE
"1116_7",1,FALSE
"1117_1",1,FALSE
"1117_2",1,FALSE
"1118_1",1,FALSE
"1118_2",1,FALSE
"1118_3",1,FALSE
"1119_1",1,FALSE
"1121_1",1,FALSE
"1121_2",1,NA
"1122_1",1,FALSE
"1122_2",1,FALSE
"1122_3",1,FALSE
"1122_4",1,FALSE
"1123_1",1,FALSE
"1123_2",1,FALSE
"1124_1",1,FALSE
"1124_2",1,FALSE
"1125_1",1,FALSE
"1125_2",1,FALSE
"1126_1",1,FALSE
"1126_2",1,FALSE
"1127_1",1,FALSE
"1127_2",1,FALSE
"1127_3",1,FALSE
"1128_1",1,TRUE
"1129_1",1,FALSE
"1130_1",1,FALSE
"1130_2",1,FALSE
"1131_1",1,FALSE
"1131_2",1,FALSE
"1133_1",1,FALSE
"1133_2",1,FALSE
"1134_1",1,FALSE
"1134_2",1,FALSE
"1135_1",1,FALSE
"1136_1",1,FALSE
"1137_1",1,FALSE
"1137_2",1,FALSE
"1137_3",1,FALSE
"1139_1",1,FALSE
"1139_2",1,FALSE
"1139_3",1,FALSE
"1140_1",1,FALSE
"1140_2",1,FALSE
"1141_1",1,FALSE
"1141_2",1,FALSE
"1142_1",1,FALSE
"1142_2",1,FALSE
"1143_1",1,FALSE
"1144_1",1,FALSE
"1144_2",1,FALSE
"1145_1",1,FALSE
"1145_2",1,FALSE
"1146_1",2,FALSE
"1146_2",2,FALSE
"1147_1",1,FALSE
"1148_1",1,FALSE
"1148_2",1,FALSE
"1149_1",1,FALSE
"1149_2",1,FALSE
"1150_1",1,FALSE
"1151_1",1,FALSE
"1151_2",1,FALSE
"1151_3",1,FALSE
"1152_1",1,FALSE
"1152_2",1,FALSE
"1153_1",1,FALSE
"1153_2",1,FALSE
"1153_3",1,FALSE
"1154_1",3,FALSE
"1155_1",1,FALSE
"1156_1",1,FALSE
"1156_2",1,FALSE
"1157_1",1,FALSE
"1158_1",1,FALSE
"1159_1",1,FALSE
"1160_1",1,FALSE
"1160_2",1,FALSE
"1160_3",1,FALSE
"1160_4",1,FALSE
"1161_1",1,FALSE
"1161_2",1,FALSE
"1161_3",1,FALSE
"1162_1",1,FALSE
"1162_2",1,FALSE
"1162_3",1,FALSE
"1163_1",1,FALSE
"1163_2",1,FALSE
"1164_1",1,FALSE
"1165_1",1,FALSE
"1165_2",1,FALSE
"1166_1",1,FALSE
"1167_1",1,FALSE
"1167_2",1,FALSE
"1168_1",1,FALSE
"1168_2",1,FALSE
"1169_1",1,FALSE
"1170_1",1,FALSE
"1172_1",1,FALSE
"1172_2",1,FALSE
"1174_1",3,FALSE
"1175_1",1,FALSE
"1175_2",1,FALSE
"1177_1",1,FALSE
"1177_2",1,FALSE
"1177_3",1,FALSE
"1178_1",1,FALSE
"1178_2",1,FALSE
"1179_1",1,FALSE
"1179_2",1,FALSE
"1179_3",1,FALSE
"1179_4",1,FALSE
"1181_1",1,FALSE
"1181_2",1,FALSE
"1182_1",1,FALSE
"1182_2",1,FALSE
"1182_3",1,FALSE
"1182_4",1,FALSE
"1183_1",1,FALSE
"1183_2",1,FALSE
"1183_3",1,FALSE
"1184_1",1,FALSE
"1184_2",1,FALSE
"1185_1",1,FALSE
"1185_2",1,FALSE
"1185_3",1,FALSE
"1186_1",1,FALSE
"1187_1",1,FALSE
"1189_1",1,FALSE
"1190_1",1,FALSE
"1190_2",1,FALSE
"1191_1",1,FALSE
"1191_2",1,FALSE
"1193_1",1,FALSE
"1193_2",1,FALSE
"1194_1",1,FALSE
"1194_2",1,FALSE
"1195_1",1,FALSE
"1195_2",1,FALSE
"1195_3",1,FALSE
"1196_1",1,FALSE
"1196_2",1,FALSE
"1196_3",1,FALSE
"1196_4",1,FALSE
"1197_1",1,FALSE
"1197_2",1,FALSE
"1199_1",1,FALSE
"1199_2",1,FALSE
"1200_1",1,FALSE
"1200_2",1,FALSE
"1200_3",1,FALSE
"1201_1",1,FALSE
"1202_1",1,FALSE
"1203_1",1,FALSE
"1203_2",1,FALSE
"1203_3",1,FALSE
"1204_1",1,FALSE
"1205_1",1,FALSE
"1205_2",1,FALSE
"1206_1",1,FALSE
"1206_2",1,FALSE
"1207_1",1,FALSE
"1208_1",1,FALSE
"1208_2",1,FALSE
"1208_3",1,FALSE
"1208_4",1,FALSE
"1209_1",1,FALSE
"1210_1",1,NA
"1211_1",1,FALSE
"1211_2",1,FALSE
"1212_1",1,FALSE
"1212_2",1,FALSE
"1212_3",1,FALSE
"1213_1",1,FALSE
"1213_2",1,FALSE
"1213_3",1,FALSE
"1213_4",1,FALSE
"1213_5",1,FALSE
"1214_1",1,FALSE
"1214_2",1,FALSE
"1214_3",1,FALSE
"1214_4",1,FALSE
"1215_1",1,FALSE
"1215_2",1,FALSE
"1216_1",1,FALSE
"1217_1",1,FALSE
"1217_2",1,FALSE
"1218_1",1,NA
"1218_2",1,NA
"1219_1",1,FALSE
"1219_2",1,FALSE
"1221_1",1,FALSE
"1221_2",1,FALSE
"1221_3",1,FALSE
"1222_1",1,FALSE
"1222_2",1,FALSE
"1222_3",1,FALSE
"1223_1",1,FALSE
"1223_2",1,FALSE
"1223_3",1,FALSE
"1223_4",1,FALSE
"1224_1",1,FALSE
"1224_2",1,FALSE
"1225_1",3,FALSE
"1226_1",1,FALSE
"1226_2",1,FALSE
"1227_1",1,FALSE
"1227_2",1,FALSE
"1228_1",3,FALSE
"1229_1",3,FALSE
"1229_2",1,FALSE
"1230_1",1,FALSE
"1230_2",1,FALSE
"1230_3",1,FALSE
"1230_4",1,FALSE
"1231_1",1,FALSE
"1231_2",1,FALSE
"1231_3",1,FALSE
"1232_1",1,FALSE
"1232_2",1,FALSE
"1234_1",1,FALSE
"1234_2",1,FALSE
"1234_3",1,FALSE
"1234_4",1,FALSE
"1235_1",1,FALSE
"1236_1",1,FALSE
"1237_1",1,FALSE
"1237_2",1,FALSE
"1240_1",1,FALSE
"1241_1",1,FALSE
"1241_2",1,FALSE
"1241_3",1,FALSE
"1242_1",1,FALSE
"1242_2",1,FALSE
"1244_1",1,FALSE
"1245_1",1,FALSE
"1245_2",1,FALSE
"1246_1",1,FALSE
"1246_2",1,FALSE
"1247_1",1,FALSE
"1248_1",1,FALSE
"1248_2",2,FALSE
"1248_3",2,FALSE
"1248_4",2,FALSE
"1249_1",1,FALSE
"1249_2",1,FALSE
"1250_1",1,FALSE
"1250_2",1,FALSE
"1252_1",1,FALSE
"1252_2",1,FALSE
"1253_1",1,FALSE
"1253_2",1,FALSE
"1254_1",1,FALSE
"1254_2",1,FALSE
"1255_1",1,FALSE
"1255_2",1,FALSE
"1256_1",1,FALSE
"1256_2",1,FALSE
"1257_1",1,FALSE
"1257_2",1,FALSE
"1258_1",1,FALSE
"1258_2",1,FALSE
"1260_1",1,FALSE
"1261_1",1,FALSE
"1262_1",1,FALSE
"1265_1",1,FALSE
"1265_2",1,FALSE
"1266_1",1,FALSE
"1266_2",1,FALSE
"1267_1",1,FALSE
"1267_2",1,FALSE
"1268_1",1,FALSE
"1268_2",1,FALSE
"1269_1",1,FALSE
"1269_2",1,FALSE
"1270_1",1,FALSE
"1271_1",1,FALSE
"1271_2",1,FALSE
"1271_3",1,FALSE
"1272_1",1,FALSE
"1272_2",1,FALSE
"1273_1",1,FALSE
"1273_2",1,FALSE
"1273_3",1,FALSE
"1274_1",1,FALSE
"1275_1",1,FALSE
"1275_2",1,FALSE
"1276_1",1,FALSE
"1276_2",1,FALSE
"1276_3",1,FALSE
"1276_4",1,FALSE
"1276_5",1,FALSE
"1277_1",1,FALSE
"1277_2",1,FALSE
"1277_3",1,FALSE
"1277_4",1,FALSE
"1277_5",1,FALSE
"1278_1",1,FALSE
"1281_1",1,FALSE
"1282_1",1,FALSE
"1283_1",1,FALSE
"1284_1",1,FALSE
"1284_2",1,FALSE
"1285_1",1,NA
"1285_2",1,NA
"1285_3",NA,NA
"1286_1",1,FALSE
"1286_2",1,FALSE
"1286_3",1,FALSE
"1286_4",1,FALSE
"1287_1",1,FALSE
"1287_2",1,FALSE
"1287_3",1,FALSE
"1289_1",1,FALSE
"1289_2",1,FALSE
"1290_1",1,FALSE
"1290_2",1,FALSE
"1291_1",1,FALSE
"1292_1",1,FALSE
"1292_2",1,FALSE
"1292_3",1,FALSE
"1293_1",1,FALSE
"1293_2",1,FALSE
"1294_1",1,FALSE
"1294_2",1,FALSE
"1294_3",1,FALSE
"1294_4",1,FALSE
"1295_1",1,FALSE
"1296_1",1,FALSE
"1296_2",1,FALSE
"1297_1",1,FALSE
"1297_2",1,FALSE
"1298_1",1,FALSE
"1298_2",1,FALSE
"1299_1",1,FALSE
"1299_2",1,FALSE
"1300_1",1,FALSE
"1300_2",1,FALSE
"1301_1",1,FALSE
"1301_2",1,FALSE
"1302_1",1,FALSE
"1302_2",1,FALSE
"1303_1",1,FALSE
"1303_2",1,FALSE
"1303_3",1,FALSE
"1303_4",1,FALSE
"1304_1",1,FALSE
"1304_2",1,FALSE
"1306_1",1,FALSE
"1306_2",1,FALSE
"1306_3",1,FALSE
"1306_4",1,FALSE
"1307_1",1,FALSE
"1307_2",1,FALSE
"1308_1",1,FALSE
"1308_2",1,FALSE
"1309_1",1,FALSE
"1310_1",1,FALSE
"1310_2",1,FALSE
"1310_3",1,FALSE
"1311_1",1,FALSE
"1311_2",1,FALSE
"1312_1",1,FALSE
"1313_1",1,FALSE
"1313_2",1,FALSE
"1314_1",1,FALSE
"1314_2",1,FALSE
"1315_1",1,FALSE
"1315_2",1,FALSE
"1315_3",1,FALSE
"1316_1",1,FALSE
"1316_2",1,FALSE
"1316_3",1,FALSE
"1316_4",1,FALSE
"1316_5",1,FALSE
"1316_6",1,FALSE
"1317_1",1,FALSE
"1317_2",1,FALSE
"1318_1",1,FALSE
"1318_2",1,FALSE
"1319_1",1,FALSE
"1319_2",1,FALSE
"1320_1",1,FALSE
"1321_1",1,FALSE
"1322_1",1,FALSE
"1322_2",1,FALSE
"1323_1",1,FALSE
"1323_2",1,FALSE
"1324_1",1,FALSE
"1324_2",1,FALSE
"1325_1",1,FALSE
"1325_2",1,FALSE
"1326_1",1,FALSE
"1326_2",1,FALSE
"1327_1",1,FALSE
"1327_2",1,FALSE
"1327_3",1,FALSE
"1327_4",1,FALSE
"1328_1",1,FALSE
"1328_2",1,FALSE
"1329_1",1,FALSE
"1329_2",1,FALSE
"1330_1",1,FALSE
"1330_2",1,FALSE
"1330_3",1,FALSE
"1330_4",1,FALSE
"1331_1",1,FALSE
"1331_2",1,FALSE
"1331_3",1,FALSE
"1331_4",1,FALSE
"1332_1",1,FALSE
"1333_1",1,FALSE
"1333_2",1,FALSE
"1333_3",1,FALSE
"1334_1",1,FALSE
"1334_2",1,FALSE
"1334_3",1,FALSE
"1334_4",3,FALSE
"1335_1",1,FALSE
"1335_2",1,FALSE
"1336_1",1,FALSE
"1337_1",1,FALSE
"1337_2",1,FALSE
"1338_1",1,FALSE
"1338_2",1,FALSE
"1339_1",1,FALSE
"1340_1",1,FALSE
"1341_1",1,FALSE
"1341_2",1,FALSE
"1342_1",1,FALSE
"1343_1",1,FALSE
"1343_2",1,FALSE
"1343_3",1,FALSE
"1345_1",1,FALSE
"1345_2",1,FALSE
"1346_1",1,FALSE
"1346_2",1,FALSE
"1346_3",3,TRUE
"1346_4",3,TRUE
"1346_5",3,TRUE
"1346_6",3,TRUE
"1346_7",3,TRUE
"1347_1",1,FALSE
"1347_2",1,FALSE
"1348_1",NA,FALSE
"1349_1",1,FALSE
"1349_2",1,FALSE
"1349_3",1,FALSE
"1350_1",1,FALSE
"1350_2",1,FALSE
"1351_1",1,FALSE
"1351_2",1,FALSE
"1352_1",1,FALSE
"1352_2",1,FALSE
"1353_1",1,FALSE
"1353_2",1,FALSE
"1354_1",1,FALSE
"1354_2",1,FALSE
"1355_1",1,FALSE
"1355_2",1,FALSE
"1356_1",1,FALSE
"1356_2",1,FALSE
"1357_1",1,FALSE
"1357_2",1,FALSE
"1358_1",1,FALSE
"1358_2",1,FALSE
"1359_1",1,FALSE
"1360_1",1,FALSE
"1360_2",1,FALSE
"1361_1",1,FALSE
"1361_2",1,FALSE
"1361_3",1,FALSE
"1361_4",1,FALSE
"1361_5",1,FALSE
"1361_6",1,FALSE
"1361_7",1,FALSE
"1362_1",1,FALSE
"1362_2",1,FALSE
"1362_3",1,FALSE
"1362_4",1,FALSE
"1363_1",1,FALSE
"1364_1",1,FALSE
"1365_1",3,FALSE
"1366_1",1,FALSE
"1366_2",1,FALSE
"1367_1",1,FALSE
"1367_2",1,FALSE
"1367_3",1,FALSE
"1367_4",1,FALSE
"1368_1",1,FALSE
"1368_2",1,FALSE
"1369_1",1,FALSE
"1369_2",1,FALSE
"1370_1",1,FALSE
"1370_2",1,FALSE
"1371_1",1,FALSE
"1371_2",1,FALSE
"1371_3",1,FALSE
"1372_1",1,FALSE
"1372_2",1,FALSE
"1373_1",1,FALSE
"1373_2",1,FALSE
"1374_1",1,FALSE
"1374_2",1,FALSE
"1374_3",1,FALSE
"1374_4",1,FALSE
"1375_1",1,FALSE
"1375_2",1,FALSE
"1376_1",1,FALSE
"1377_1",1,FALSE
"1378_1",1,FALSE
"1378_2",1,FALSE
"1379_1",1,FALSE
"1379_2",1,FALSE
"1380_1",1,FALSE
"1380_2",1,FALSE
"1380_3",1,FALSE
"1380_4",1,FALSE
"1381_1",1,FALSE
"1381_2",1,FALSE
"1381_3",1,FALSE
"1381_4",1,FALSE
"1382_1",1,FALSE
"1382_2",1,FALSE
"1383_1",1,FALSE
"1383_2",1,FALSE
"1384_1",1,FALSE
"1384_2",1,FALSE
"1384_3",1,FALSE
"1385_1",1,FALSE
"1385_2",1,FALSE
"1385_3",1,FALSE
"1386_1",1,FALSE
"1386_2",1,FALSE
"1386_3",1,FALSE
"1387_1",1,FALSE
"1387_2",1,FALSE
"1387_3",1,FALSE
"1387_4",1,FALSE
"1388_1",1,FALSE
"1388_2",1,FALSE
"1389_1",1,FALSE
"1389_2",1,FALSE
"1390_1",1,FALSE
"1390_2",1,FALSE
"1390_3",1,FALSE
"1391_1",1,FALSE
"1392_1",1,FALSE
"1392_2",1,FALSE
"1392_3",1,FALSE
"1392_4",1,FALSE
"1393_1",1,FALSE
"1393_2",1,FALSE
"1394_1",1,FALSE
"1394_2",1,FALSE
"1395_1",1,FALSE
"1396_1",1,FALSE
"1397_1",1,FALSE
"1397_2",1,FALSE
"1399_1",1,FALSE
"1399_2",1,FALSE
"1399_3",1,FALSE
"1399_4",1,FALSE
"1400_1",1,FALSE
"1400_2",1,FALSE
"1401_1",1,FALSE
"1401_2",1,FALSE
"1402_1",1,FALSE
"1402_2",1,FALSE
"1403_1",1,FALSE
"1403_2",1,FALSE
"1404_1",1,FALSE
"1404_2",1,FALSE
"1405_1",1,FALSE
"1405_2",1,FALSE
"1406_1",1,FALSE
"1406_2",1,FALSE
"1406_3",3,FALSE
"1407_1",1,FALSE
"1407_2",1,FALSE
"1407_3",1,FALSE
"1407_4",2,FALSE
"1408_1",1,FALSE
"1408_2",1,FALSE
"1409_1",2,FALSE
"1410_1",1,FALSE
"1411_1",1,FALSE
"1411_2",1,FALSE
"1412_1",1,FALSE
"1412_2",1,FALSE
"1412_3",3,FALSE
"1412_4",3,FALSE
"1412_5",3,FALSE
"1414_1",1,FALSE
"1414_2",1,FALSE
"1415_1",1,FALSE
"1416_1",1,FALSE
"1416_2",1,FALSE
"1417_1",1,FALSE
"1417_2",1,FALSE
"1417_3",1,FALSE
"1418_1",3,FALSE
"1418_2",3,FALSE
"1419_1",1,FALSE
"1419_2",1,FALSE
"1420_1",2,FALSE
"1420_2",2,FALSE
"1420_3",2,FALSE
"1420_4",2,FALSE
"1420_5",2,FALSE
"1420_6",2,FALSE
"1420_7",2,FALSE
"1420_8",2,FALSE
"1420_9",2,FALSE
"1420_10",2,FALSE
"1420_11",2,FALSE
"1420_12",2,FALSE
"1420_13",2,FALSE
"1420_14",2,FALSE
"1420_15",2,FALSE
"1420_16",2,FALSE
"1421_1",1,FALSE
"1421_2",1,FALSE
"1421_3",1,FALSE
"1422_1",1,FALSE
"1422_2",1,FALSE
"1424_1",1,FALSE
"1425_1",1,FALSE
"1425_2",1,FALSE
"1425_3",1,FALSE
"1426_1",1,FALSE
"1426_2",1,FALSE
"1426_3",1,FALSE
"1426_4",1,FALSE
"1426_5",1,FALSE
"1427_1",1,FALSE
"1427_2",1,FALSE
"1428_1",1,FALSE
"1428_2",1,FALSE
"1428_3",1,FALSE
"1429_1",1,FALSE
"1429_2",1,FALSE
"1429_3",1,FALSE
"1429_4",1,FALSE
"1430_1",1,FALSE
"1430_2",1,FALSE
"1430_3",1,FALSE
"1431_1",1,FALSE
"1431_2",1,FALSE
"1432_1",1,FALSE
"1432_2",1,FALSE
"1433_1",1,FALSE
"1433_2",1,FALSE
"1433_3",1,FALSE
"1434_1",1,FALSE
"1434_2",1,FALSE
"1435_1",1,FALSE
"1435_2",1,FALSE
"1437_1",1,FALSE
"1437_2",1,FALSE
"1437_3",1,FALSE
"1438_1",1,FALSE
"1438_2",1,FALSE
"1439_1",1,FALSE
"1439_2",1,FALSE
"1440_1",1,FALSE
"1440_2",1,FALSE
"1441_1",1,FALSE
"1441_2",1,FALSE
"1442_1",1,FALSE
"1442_2",1,FALSE
"1443_1",1,FALSE
"1443_2",1,FALSE
"1444_1",1,FALSE
"1444_2",1,FALSE
"1445_1",1,FALSE
"1445_2",1,FALSE
"1446_1",1,FALSE
"1446_2",1,FALSE
"1447_1",1,FALSE
"1447_2",1,FALSE
"1448_1",1,FALSE
"1448_2",1,FALSE
"1449_1",1,FALSE
"1449_2",1,FALSE
"1449_3",1,FALSE
"1450_1",1,FALSE
"1450_2",1,FALSE
"1451_1",1,FALSE
"1451_2",1,FALSE
"1452_1",1,FALSE
"1453_1",1,FALSE
"1453_2",1,FALSE
"1454_1",1,FALSE
"1454_2",1,FALSE
"1455_1",1,FALSE
"1455_2",1,FALSE
"1456_1",1,FALSE
"1456_2",2,FALSE
"1457_1",1,FALSE
"1457_2",1,FALSE
"1461_1",3,FALSE
"1461_2",3,FALSE
"1461_3",1,FALSE
"1461_4",1,FALSE
"1463_1",1,FALSE
"1463_2",1,FALSE
"1464_1",1,FALSE
"1464_2",1,FALSE
"1465_1",1,FALSE
"1465_2",1,FALSE
"1468_1",1,FALSE
"1468_2",1,FALSE
"1469_1",1,FALSE
"1470_1",1,FALSE
"1471_1",1,FALSE
"1471_2",1,FALSE
"1472_1",3,FALSE
"1473_1",1,FALSE
"1473_2",1,FALSE
"1473_3",1,FALSE
"1474_1",1,FALSE
"1475_1",3,FALSE
"1475_2",3,FALSE
"1476_1",1,FALSE
"1476_2",1,FALSE
"1478_1",3,FALSE
"1479_1",1,FALSE
"1479_2",1,FALSE
"1479_3",2,FALSE
"1480_1",1,FALSE
"1480_2",1,FALSE
"1482_1",1,FALSE
"1482_2",1,FALSE
"1482_3",1,FALSE
"1483_1",1,FALSE
"1483_2",1,FALSE
"1483_3",1,FALSE
"1484_1",1,FALSE
"1484_2",1,FALSE
"1485_1",1,FALSE
"1485_2",1,FALSE
"1485_3",1,FALSE
"1486_1",1,FALSE
"1486_2",1,FALSE
"1487_1",1,FALSE
"1488_1",1,FALSE
"1488_2",1,FALSE
"1488_3",3,FALSE
"1489_1",1,FALSE
"1490_1",1,FALSE
"1490_2",1,FALSE
"1491_1",1,FALSE
"1491_2",1,FALSE
"1491_3",1,FALSE
"1493_1",1,FALSE
"1493_2",1,FALSE
"1494_1",1,FALSE
"1494_2",1,FALSE
"1495_1",1,FALSE
"1496_1",1,FALSE
"1496_2",1,FALSE
"1499_1",1,FALSE
"1499_2",1,FALSE
"1500_1",1,FALSE
"1500_2",1,FALSE
"1501_1",3,FALSE
"1501_2",3,FALSE
"1502_1",1,FALSE
"1502_2",1,FALSE
"1503_1",1,FALSE
"1503_2",1,FALSE
"1505_1",1,FALSE
"1505_2",1,FALSE
"1505_3",1,FALSE
"1506_1",1,FALSE
"1506_2",1,FALSE
"1507_1",1,FALSE
"1508_1",1,FALSE
"1508_2",1,FALSE
"1508_3",1,FALSE
"1509_1",1,FALSE
"1510_1",1,FALSE
"1511_1",1,FALSE
"1512_1",1,FALSE
"1512_2",1,FALSE
"1514_1",1,FALSE
"1514_2",1,FALSE
"1515_1",1,FALSE
"1515_2",1,FALSE
"1516_1",3,FALSE
"1517_1",3,FALSE
"1517_2",3,FALSE
"1518_1",1,FALSE
"1519_1",1,FALSE
"1520_1",1,FALSE
"1520_2",1,FALSE
"1521_1",1,FALSE
"1522_1",1,FALSE
"1522_2",1,FALSE
"1523_1",3,FALSE
"1524_1",1,FALSE
"1525_1",1,FALSE
"1526_1",1,FALSE
"1526_2",1,FALSE
"1527_1",3,FALSE
"1528_1",1,FALSE
"1528_2",1,NA
"1529_1",1,FALSE
"1529_2",1,FALSE
"1529_3",1,FALSE
"1530_1",1,FALSE
"1531_1",1,FALSE
"1531_2",1,FALSE
"1533_1",1,FALSE
"1533_2",1,FALSE
"1534_1",1,FALSE
"1535_1",1,FALSE
"1536_1",1,FALSE
"1538_1",1,FALSE
"1538_2",1,FALSE
"1538_3",1,FALSE
"1539_1",3,FALSE
"1540_1",1,FALSE
"1541_1",1,FALSE
"1541_2",1,FALSE
"1542_1",1,FALSE
"1543_1",1,FALSE
"1543_2",1,FALSE
"1544_1",1,FALSE
"1544_2",1,FALSE
"1546_1",1,FALSE
"1546_2",1,FALSE
"1547_1",1,FALSE
"1547_2",1,FALSE
"1547_3",1,FALSE
"1547_4",1,FALSE
"1549_1",1,FALSE
"1550_1",1,FALSE
"1550_2",1,FALSE
"1551_1",1,FALSE
"1551_2",1,FALSE
"1552_1",1,FALSE
"1552_2",1,FALSE
"1553_1",1,FALSE
"1554_1",1,FALSE
"1555_1",1,FALSE
"1555_2",1,FALSE
"1556_1",1,FALSE
"1556_2",1,FALSE
"1557_1",1,FALSE
"1557_2",1,FALSE
"1557_3",1,FALSE
"1557_4",1,FALSE
"1558_1",1,FALSE
"1558_2",1,FALSE
"1559_1",1,FALSE
"1559_2",1,FALSE
"1560_1",1,FALSE
"1561_1",1,FALSE
"1561_2",1,FALSE
"1562_1",1,FALSE
"1563_1",1,FALSE
"1563_2",1,FALSE
"1563_3",1,FALSE
"1564_1",1,FALSE
"1564_2",1,FALSE
"1564_3",1,FALSE
"1565_1",1,FALSE
"1565_2",1,FALSE
"1565_3",1,FALSE
"1565_4",1,FALSE
"1565_5",1,FALSE
"1566_1",1,FALSE
"1566_2",1,FALSE
"1567_1",1,FALSE
"1567_2",1,FALSE
"1567_3",1,FALSE
"1568_1",1,FALSE
"1568_2",1,FALSE
"1569_1",1,FALSE
"1569_2",1,FALSE
"1570_1",1,FALSE
"1570_2",1,FALSE
"1571_1",1,FALSE
"1571_2",1,FALSE
"1572_1",1,FALSE
"1572_2",1,FALSE
"1573_1",1,FALSE
"1573_2",1,FALSE
"1574_1",1,FALSE
"1574_2",1,FALSE
"1575_1",1,FALSE
"1575_2",1,FALSE
"1576_1",1,FALSE
"1576_2",1,FALSE
"1576_3",1,FALSE
"1577_1",1,FALSE
"1577_2",1,FALSE
"1577_3",1,FALSE
"1578_1",1,FALSE
"1578_2",1,FALSE
"1579_1",1,FALSE
"1579_2",1,FALSE
"1580_1",1,FALSE
"1580_2",1,FALSE
"1581_1",1,FALSE
"1581_2",1,FALSE
"1582_1",1,FALSE
"1582_2",1,FALSE
"1583_1",1,FALSE
"1583_2",1,FALSE
"1584_1",1,FALSE
"1584_2",1,FALSE
"1585_1",1,FALSE
"1586_1",1,FALSE
"1586_2",1,FALSE
"1586_3",1,FALSE
"1587_1",1,FALSE
"1587_2",1,FALSE
"1588_1",1,FALSE
"1588_2",1,FALSE
"1589_1",1,FALSE
"1589_2",1,FALSE
"1590_1",1,FALSE
"1590_2",1,FALSE
"1591_1",1,FALSE
"1591_2",1,FALSE
"1592_1",1,FALSE
"1592_2",1,FALSE
"1592_3",1,FALSE
"1592_4",1,FALSE
"1593_1",1,FALSE
"1593_2",1,FALSE
"1594_1",1,FALSE
"1595_1",1,FALSE
"1595_2",1,FALSE
"1596_1",1,FALSE
"1596_2",1,FALSE
"1597_1",1,FALSE
"1597_2",1,FALSE
"1598_1",1,FALSE
"1598_2",1,FALSE
"1599_1",1,FALSE
"1599_2",1,FALSE
"1600_1",1,FALSE
"1600_2",1,FALSE
"1600_3",1,FALSE
"1601_1",1,FALSE
"1601_2",1,FALSE
"1602_1",1,FALSE
"1602_2",1,FALSE
"1602_3",1,FALSE
"1603_1",1,FALSE
"1603_2",1,FALSE
"1604_1",1,FALSE
"1604_2",1,FALSE
"1605_1",1,FALSE
"1605_2",1,FALSE
"1606_1",1,FALSE
"1606_2",1,FALSE
"1607_1",1,FALSE
"1607_2",1,FALSE
"1608_1",1,FALSE
"1608_2",1,FALSE
"1609_1",1,FALSE
"1609_2",1,FALSE
"1610_1",1,FALSE
"1610_2",1,FALSE
"1611_1",1,FALSE
"1611_2",1,FALSE
"1612_1",1,FALSE
"1612_2",1,FALSE
"1613_1",1,FALSE
"1613_2",1,FALSE
"1614_1",1,FALSE
"1614_2",1,FALSE
"1615_1",1,FALSE
"1615_2",1,FALSE
"1616_1",1,FALSE
"1616_2",1,FALSE
"1617_1",1,FALSE
"1617_2",1,FALSE
"1618_1",1,FALSE
"1618_2",1,FALSE
"1619_1",1,FALSE
"1619_2",1,FALSE
"1619_3",1,FALSE
"1620_1",1,FALSE
"1620_2",1,FALSE
"1621_1",1,FALSE
"1621_2",1,FALSE
"1622_1",1,FALSE
"1622_2",1,FALSE
"1623_1",1,FALSE
"1623_2",1,FALSE
"1624_1",1,FALSE
"1624_2",1,FALSE
"1625_1",1,FALSE
"1625_2",1,FALSE
"1626_1",1,FALSE
"1626_2",1,FALSE
"1627_1",1,FALSE
"1627_2",1,FALSE
"1628_1",1,FALSE
"1628_2",1,FALSE
"1629_1",1,FALSE
"1629_2",1,FALSE
"1630_1",1,FALSE
"1630_2",1,FALSE
"1631_1",1,FALSE
"1631_2",1,FALSE
"1632_1",1,FALSE
"1632_2",1,FALSE
"1633_1",1,FALSE
"1633_2",1,FALSE
"1633_3",1,FALSE
"1634_1",1,FALSE
"1634_2",1,FALSE
"1635_1",1,FALSE
"1635_2",1,FALSE
"1635_3",1,FALSE
"1636_1",1,FALSE
"1636_2",1,FALSE
"1637_1",1,FALSE
"1637_2",1,FALSE
"1637_3",1,FALSE
"2001_1",1,FALSE
"2001_2",1,FALSE
"2002_1",1,FALSE
"2002_2",1,FALSE
"2002_3",1,FALSE
"2002_4",1,FALSE
"2003_1",1,FALSE
"2003_2",1,FALSE
"2003_3",1,FALSE
"2004_1",1,FALSE
"2005_1",NA,NA
"2006_1",1,FALSE
"2007_1",1,FALSE
"2007_2",1,FALSE
"2007_3",1,FALSE
"2008_1",1,FALSE
"2008_2",1,FALSE
"2009_1",1,FALSE
"2009_2",1,FALSE
"2009_3",2,FALSE
"2010_1",1,FALSE
"2010_2",1,FALSE
"2010_3",1,FALSE
"2012_1",1,FALSE
"2012_2",1,FALSE
"2012_3",1,FALSE
"2012_4",1,FALSE
"2013_1",1,FALSE
"2013_2",1,FALSE
"2013_3",1,FALSE
"2013_4",1,FALSE
"2013_5",1,FALSE
"2014_1",3,FALSE
"2014_2",1,FALSE
"2014_3",1,FALSE
"2014_4",1,FALSE
"2014_5",1,FALSE
"2015_1",NA,NA
"2015_2",NA,NA
"2015_3",NA,NA
"2016_1",1,FALSE
"2017_1",1,FALSE
"2017_2",1,FALSE
"2017_3",1,FALSE
"2019_1",1,FALSE
"2020_1",1,FALSE
"2021_1",1,FALSE
"2022_1",1,FALSE
"2022_2",1,FALSE
"2023_1",1,FALSE
"2023_2",1,FALSE
"2024_1",1,FALSE
"2024_2",1,FALSE
"2024_3",1,FALSE
"2025_1",3,FALSE
"2026_1",1,FALSE
"2026_2",1,FALSE
"2026_3",1,FALSE
"2026_4",1,FALSE
"2028_1",1,FALSE
"2028_2",1,FALSE
"2029_1",1,FALSE
"2029_2",1,FALSE
"2029_3",2,FALSE
"2029_4",2,FALSE
"2029_5",2,FALSE
"2029_6",3,FALSE
"2030_1",1,FALSE
"2031_1",3,FALSE
"2032_1",1,FALSE
"2032_2",1,FALSE
"2032_3",1,NA
"2033_1",1,FALSE
"2034_1",3,NA
"2034_2",3,NA
"2034_3",3,NA
"2034_4",3,NA
"2035_1",1,FALSE
"2036_1",1,FALSE
"2037_1",1,NA
"2037_2",1,NA
"2037_3",2,NA
"2037_4",3,NA
"2037_5",3,NA
"2038_1",3,FALSE
"2038_2",1,FALSE
"2039_1",3,FALSE
"2040_1",1,FALSE
"2040_2",1,FALSE
"2041_1",1,FALSE
"2041_2",1,FALSE
"2042_1",1,FALSE
"2042_2",1,FALSE
"2042_3",1,FALSE
"2042_4",1,FALSE
"2043_1",1,FALSE
"2043_2",1,FALSE
"2043_3",1,FALSE
"2043_4",1,FALSE
"2043_5",1,FALSE
"2044_1",1,FALSE
"2045_1",1,FALSE
"2045_2",1,FALSE
"2045_3",1,FALSE
"2046_1",1,FALSE
"2046_2",1,FALSE
"2046_3",1,FALSE
"2046_4",1,FALSE
"2047_1",1,FALSE
"2047_2",1,FALSE
"2047_3",1,FALSE
"2048_1",1,FALSE
"2048_2",1,FALSE
"2048_3",1,FALSE
"2048_4",1,FALSE
"2049_1",1,FALSE
"2049_2",1,FALSE
"2050_1",3,FALSE
"2050_2",3,FALSE
"2050_3",3,FALSE
"2050_4",3,FALSE
"2050_5",1,FALSE
"2050_6",1,FALSE
"2051_1",1,FALSE
"2051_2",1,FALSE
"2052_1",1,FALSE
"2052_2",1,FALSE
"2052_3",1,FALSE
"2052_4",1,FALSE
"2052_5",1,FALSE
"2054_1",1,FALSE
"2054_2",1,FALSE
"2055_1",1,NA
"2055_2",1,NA
"2055_3",1,NA
"2055_4",1,NA
"2056_1",2,FALSE
"2056_2",2,FALSE
"2056_3",2,FALSE
"2056_4",2,FALSE
"2056_5",2,FALSE
"2056_6",1,FALSE
"2056_7",1,FALSE
"2056_8",1,FALSE
"2057_1",1,FALSE
"2057_2",1,FALSE
"2057_3",1,FALSE
"2059_1",1,FALSE
"2060_1",1,FALSE
"2061_1",1,FALSE
"2061_2",1,FALSE
"2063_1",1,FALSE
"2063_2",1,FALSE
"2063_3",1,FALSE
"2063_4",1,FALSE
"2064_1",1,FALSE
"2064_2",3,FALSE
"2064_3",3,FALSE
"2064_4",3,FALSE
"2065_1",1,FALSE
"2066_1",1,FALSE
"2067_1",1,FALSE
"2067_2",1,FALSE
"2068_1",1,FALSE
"2068_2",1,FALSE
"2068_3",1,FALSE
"2069_1",1,FALSE
"2069_2",1,FALSE
"2070_1",1,FALSE
"2070_2",1,FALSE
"2071_1",1,FALSE
"2072_1",1,FALSE
"2072_2",1,FALSE
"2073_1",1,FALSE
"2073_2",1,FALSE
"2073_3",1,FALSE
"2073_4",1,FALSE
"2075_1",1,FALSE
"2076_1",1,FALSE
"2076_2",1,FALSE
"2076_3",1,FALSE
"2077_1",3,FALSE
"2077_2",3,FALSE
"2078_1",1,FALSE
"2078_2",1,FALSE
"2079_1",1,FALSE
"2080_1",1,FALSE
"2081_1",1,FALSE
"2081_2",1,FALSE
"2081_3",1,FALSE
"2082_1",1,FALSE
"2082_2",1,FALSE
"2084_1",1,FALSE
"2085_1",1,FALSE
"2086_1",1,FALSE
"2087_1",1,FALSE
"2087_2",1,FALSE
"2088_1",1,NA
"2088_2",1,NA
"2088_3",1,NA
"2088_4",1,FALSE
"2089_1",1,FALSE
"2090_1",1,FALSE
"2091_1",1,FALSE
"2091_2",1,FALSE
"2092_1",3,FALSE
"2092_2",1,FALSE
"2092_3",1,FALSE
"2092_4",1,FALSE
"2092_5",1,FALSE
"2093_1",1,FALSE
"2094_1",1,FALSE
"2094_2",1,FALSE
"2095_1",1,FALSE
"2097_1",1,FALSE
"2097_2",1,FALSE
"2098_1",1,FALSE
"2098_2",1,FALSE
"2101_1",1,FALSE
"2101_2",1,FALSE
"2102_1",1,FALSE
"2102_2",1,FALSE
"2103_1",3,FALSE
"2103_2",3,FALSE
"2103_3",3,TRUE
"2103_4",3,TRUE
"2103_5",3,FALSE
"2103_6",3,FALSE
"2103_7",3,FALSE
"2103_8",3,FALSE
"2104_1",1,FALSE
"2105_1",1,FALSE
"2105_2",1,FALSE
"2105_3",1,FALSE
"2105_4",1,FALSE
"2105_5",1,FALSE
"2105_6",1,FALSE
"2108_1",1,FALSE
"2108_2",1,FALSE
"2109_1",1,FALSE
"2114_1",2,FALSE
"2114_2",2,FALSE
"2114_3",2,FALSE
"2115_1",3,FALSE
"2116_1",1,FALSE
"2116_2",1,FALSE
"2117_1",1,FALSE
"2117_2",1,FALSE
"2118_1",1,FALSE
"2118_2",1,FALSE
"2119_1",1,FALSE
"2119_2",1,FALSE
"2119_3",1,FALSE
"2122_1",1,FALSE
"2122_2",1,FALSE
"2123_1",1,FALSE
"2123_2",1,FALSE
"2124_1",1,FALSE
"2124_2",1,FALSE
"2124_3",1,FALSE
"2126_1",1,FALSE
"2126_2",1,FALSE
"2127_1",1,FALSE
"2128_1",1,FALSE
"2128_2",1,FALSE
"2129_1",1,FALSE
"2132_1",1,FALSE
"2132_2",1,FALSE
"2135_1",1,FALSE
"2135_2",1,FALSE
"2135_3",1,FALSE
"2136_1",1,FALSE
"2137_1",2,FALSE
"2137_2",2,FALSE
"2137_3",2,FALSE
"2137_4",2,FALSE
"2137_5",2,FALSE
"2137_6",2,FALSE
"2137_7",2,FALSE
"2137_8",2,FALSE
"2137_9",1,FALSE
"2137_10",1,FALSE
"2138_1",1,FALSE
"2138_2",1,FALSE
"2139_1",1,FALSE
"2139_2",1,FALSE
"2139_3",1,FALSE
"2141_1",1,FALSE
"2141_2",2,FALSE
"2141_3",2,FALSE
"2142_1",1,FALSE
"2142_2",1,FALSE
"2143_1",1,FALSE
"2144_1",1,FALSE
"2144_2",1,FALSE
"2145_1",1,FALSE
"2146_1",1,FALSE
"2146_2",1,FALSE
"2147_1",1,FALSE
"2147_2",1,FALSE
"2148_1",1,FALSE
"2149_1",1,FALSE
"2149_2",1,FALSE
"2149_3",1,FALSE
"2149_4",1,FALSE
"2150_1",1,FALSE
"2150_2",1,FALSE
"2150_3",3,FALSE
"2150_4",3,FALSE
"2150_5",3,FALSE
"2150_6",3,FALSE
"2150_7",3,FALSE
"2150_8",3,FALSE
"2150_9",3,FALSE
"2151_1",1,FALSE
"2152_1",1,FALSE
"2152_2",1,FALSE
"2152_3",1,FALSE
"2152_4",1,FALSE
"2153_1",1,NA
"2153_2",1,NA
"2153_3",1,NA
"2154_1",1,FALSE
"2154_2",1,FALSE
"2155_1",1,FALSE
"2155_2",3,FALSE
"2155_3",3,FALSE
"2156_1",1,FALSE
"2156_2",1,FALSE
"2157_1",1,FALSE
"2158_1",3,FALSE
"2158_2",3,FALSE
"2159_1",1,FALSE
"2160_1",1,FALSE
"2160_2",1,FALSE
"2161_1",1,FALSE
"2161_2",1,FALSE
"2162_1",1,FALSE
"2163_1",3,FALSE
"2163_2",1,FALSE
"2163_3",1,FALSE
"2164_1",1,FALSE
"2165_1",1,FALSE
"2165_2",1,FALSE
"2165_3",1,FALSE
"2166_1",1,FALSE
"2166_2",1,FALSE
"2167_1",1,FALSE
"2167_2",1,FALSE
"2168_1",1,FALSE
"2168_2",1,FALSE
"2169_1",1,FALSE
"2169_2",1,FALSE
"2171_1",1,FALSE
"2171_2",1,FALSE
"2172_1",1,FALSE
"2174_1",1,FALSE
"2174_2",1,FALSE
"2174_3",1,FALSE
"2174_4",3,FALSE
"2174_5",3,FALSE
"2174_6",3,FALSE
"2175_1",1,FALSE
"2175_2",1,FALSE
"2175_3",1,FALSE
"2176_1",3,FALSE
"2176_2",3,FALSE
"2176_3",3,FALSE
"2176_4",3,FALSE
"2176_5",3,FALSE
"2176_6",3,FALSE
"2176_7",1,FALSE
"2176_8",1,FALSE
"2176_9",1,FALSE
"2176_10",1,FALSE
"2177_1",1,FALSE
"2177_2",1,FALSE
"2178_1",1,FALSE
"2179_1",2,FALSE
"2180_1",1,FALSE
"2180_2",1,FALSE
"2180_3",1,FALSE
"2180_4",1,FALSE
"2181_1",1,FALSE
"2182_1",1,FALSE
"2182_2",3,TRUE
"2182_3",3,TRUE
"2182_4",3,TRUE
"2182_5",3,TRUE
"2182_6",3,TRUE
"2182_7",3,TRUE
"2182_8",2,TRUE
"2182_9",3,TRUE
"2182_10",3,FALSE
"2182_11",3,FALSE
"2182_12",3,FALSE
"2182_13",3,FALSE
"2182_14",3,FALSE
"2182_15",3,FALSE
"2182_16",3,FALSE
"2182_17",3,FALSE
"2182_18",3,FALSE
"2182_19",3,FALSE
"2182_20",3,FALSE
"2182_21",3,FALSE
"2183_1",1,FALSE
"2183_2",1,FALSE
"2184_1",1,FALSE
"2184_2",1,FALSE
"2184_3",1,FALSE
"2184_4",1,FALSE
"2184_5",1,FALSE
"2184_6",1,FALSE
"2184_7",1,FALSE
"2189_1",1,FALSE
"2189_2",1,FALSE
"2189_3",2,FALSE
"2189_4",2,FALSE
"2189_5",2,FALSE
"2189_6",2,FALSE
"2189_7",2,FALSE
"2189_8",2,FALSE
"2189_9",2,FALSE
"2189_10",2,FALSE
"2189_11",2,FALSE
"2190_1",1,FALSE
"2191_1",1,FALSE
"2191_2",1,FALSE
"2192_1",1,FALSE
"2192_2",1,FALSE
"2192_3",1,FALSE
"2194_1",1,FALSE
"2194_2",1,FALSE
"2194_3",1,FALSE
"2197_1",1,FALSE
"2197_2",1,FALSE
"2197_3",1,FALSE
"2198_1",1,FALSE
"2199_1",1,FALSE
"2199_2",1,FALSE
"2201_1",3,FALSE
"2201_2",1,FALSE
"2201_3",1,FALSE
"2201_4",1,FALSE
"2202_1",1,FALSE
"2205_1",1,FALSE
"2205_2",1,FALSE
"2206_1",1,FALSE
"2206_2",1,FALSE
"2206_3",1,FALSE
"2207_1",1,FALSE
"2208_1",1,FALSE
"2209_1",3,FALSE
"2209_2",3,FALSE
"2210_1",1,FALSE
"2211_1",1,FALSE
"2212_1",1,FALSE
"2214_1",1,FALSE
"2214_2",1,FALSE
"2214_3",1,FALSE
"2214_4",1,FALSE
"2215_1",1,FALSE
"2215_2",1,FALSE
"2215_3",1,FALSE
"2215_4",1,FALSE
"2215_5",1,FALSE
"2216_1",1,FALSE
"2216_2",1,FALSE
"2216_3",1,FALSE
"2217_1",3,FALSE
"2217_2",1,FALSE
"2217_3",1,FALSE
"2217_4",1,FALSE
"2218_1",1,FALSE
"2218_2",1,FALSE
"2219_1",1,FALSE
"2219_2",1,FALSE
"2219_3",1,FALSE
"2220_1",1,FALSE
"2221_1",1,FALSE
"2221_2",1,FALSE
"2222_1",1,FALSE
"2222_2",1,FALSE
"2223_1",1,FALSE
"2223_2",1,FALSE
"2224_1",1,FALSE
"2224_2",1,FALSE
"2225_1",1,FALSE
"2225_2",1,FALSE
"2226_1",1,FALSE
"2227_1",3,FALSE
"2227_2",1,FALSE
"2228_1",1,FALSE
"2228_2",1,FALSE
"2229_1",1,FALSE
"2229_2",1,FALSE
"2230_1",1,FALSE
"2230_2",1,FALSE
"2231_1",1,FALSE
"2231_2",1,FALSE
"2231_3",1,FALSE
"2232_1",1,FALSE
"2232_2",1,FALSE
"2233_1",1,FALSE
"2233_2",1,FALSE
"2234_1",1,FALSE
"2234_2",1,FALSE
"2234_3",1,FALSE
"2234_4",1,FALSE
"2235_1",1,FALSE
"2235_2",1,FALSE
"2236_1",1,FALSE
"2236_2",1,FALSE
"2237_1",1,FALSE
"2237_2",1,FALSE
"2237_3",1,FALSE
"2238_1",1,FALSE
"2239_1",1,FALSE
"2239_2",1,FALSE
"2239_3",1,FALSE
"2241_1",1,FALSE
"2241_2",1,FALSE
"2241_3",1,FALSE
"2242_1",1,FALSE
"2242_2",1,FALSE
"2243_1",1,FALSE
"2244_1",1,FALSE
"2244_2",1,FALSE
"2245_1",1,FALSE
"2245_2",1,FALSE
"2245_3",2,FALSE
"2246_1",NA,NA
"2246_2",NA,NA
"2247_1",1,FALSE
"2247_2",1,FALSE
"2248_1",1,FALSE
"2248_2",1,FALSE
"2249_1",1,FALSE
"2249_2",1,FALSE
"2250_1",1,FALSE
"2250_2",1,FALSE
"2251_1",1,FALSE
"2251_2",1,FALSE
"2251_3",1,FALSE
"2251_4",1,FALSE
"2251_5",3,FALSE
"2251_6",3,FALSE
"2251_7",3,FALSE
"2251_8",3,FALSE
"2251_9",3,FALSE
"2251_10",3,FALSE
"2251_11",3,FALSE
"2251_12",3,FALSE
"2251_13",3,FALSE
"2251_14",3,FALSE
"2251_15",3,FALSE
"2251_16",3,FALSE
"2251_17",3,FALSE
"2251_18",3,FALSE
"2251_19",3,FALSE
"2251_20",1,FALSE
"2251_21",1,FALSE
"2251_22",1,FALSE
"2251_23",3,FALSE
"2251_24",3,FALSE
"2252_1",1,FALSE
"2252_2",1,FALSE
"2253_1",3,FALSE
"2254_1",2,FALSE
"2255_1",1,FALSE
"2255_2",1,FALSE
"2255_3",1,FALSE
"2256_1",1,FALSE
"2257_1",3,FALSE
"2258_1",1,FALSE
"2258_2",1,FALSE
"2258_3",1,FALSE
"2259_1",1,FALSE
"2259_2",1,FALSE
"2260_1",1,FALSE
"2260_2",1,FALSE
"2260_3",2,FALSE
"2260_4",2,FALSE
"2260_5",2,FALSE
"2261_1",3,FALSE
"2263_1",1,FALSE
"2263_2",1,FALSE
"2264_1",1,FALSE
"2267_1",1,FALSE
"2267_2",1,FALSE
"2268_1",1,FALSE
"2268_2",1,FALSE
"2268_3",1,FALSE
"2269_1",1,FALSE
"2269_2",2,FALSE
"2270_1",1,FALSE
"2271_1",1,FALSE
"2271_2",1,FALSE
"2271_3",1,FALSE
"2272_1",3,FALSE
"2273_1",1,FALSE
"2274_1",1,FALSE
"2274_2",1,FALSE
"2275_1",1,FALSE
"2275_2",1,FALSE
"2275_3",1,FALSE
"2275_4",1,FALSE
"2276_1",1,FALSE
"2276_2",1,FALSE
"2277_1",3,FALSE
"2277_2",3,FALSE
"2277_3",1,FALSE
"2278_1",1,FALSE
"2279_1",1,FALSE
"2281_1",1,FALSE
"2281_2",1,FALSE
"2282_1",1,FALSE
"2282_2",1,FALSE
"2282_3",1,FALSE
"2282_4",1,FALSE
"2283_1",1,FALSE
"2283_2",1,FALSE
"2284_1",1,FALSE
"2285_1",1,FALSE
"2285_2",1,FALSE
"2286_1",2,FALSE
"2286_2",2,FALSE
"2286_3",2,FALSE
"2287_1",1,FALSE
"2288_1",3,FALSE
"2288_2",3,FALSE
"2289_1",1,FALSE
"2289_2",1,FALSE
"2291_1",1,FALSE
"2291_2",1,FALSE
"2292_1",1,FALSE
"2293_1",1,FALSE
"2293_2",1,FALSE
"2293_3",1,FALSE
"2293_4",1,FALSE
"2294_1",1,FALSE
"2295_1",1,FALSE
"2295_2",1,FALSE
"2296_1",1,FALSE
"2296_2",1,FALSE
"2297_1",1,FALSE
"2297_2",3,FALSE
"2297_3",3,FALSE
"2298_1",1,FALSE
"2298_2",1,FALSE
"2298_3",1,FALSE
"2298_4",1,FALSE
"2299_1",1,FALSE
"2299_2",1,FALSE
"2299_3",1,FALSE
"2301_1",1,FALSE
"2301_2",1,FALSE
"2302_1",1,FALSE
"2302_2",1,FALSE
"2302_3",1,FALSE
"2302_4",1,FALSE
"2303_1",1,FALSE
"2303_2",1,FALSE
"2304_1",1,FALSE
"2304_2",1,FALSE
"2305_1",1,FALSE
"2306_1",1,FALSE
"2306_2",1,FALSE
"2306_3",1,FALSE
"2306_4",1,FALSE
"2307_1",1,FALSE
"2307_2",1,FALSE
"2308_1",3,FALSE
"2308_2",1,FALSE
"2308_3",1,FALSE
"2309_1",1,FALSE
"2310_1",1,FALSE
"2310_2",1,FALSE
"2311_1",1,FALSE
"2311_2",1,FALSE
"2311_3",1,FALSE
"2311_4",1,FALSE
"2312_1",1,FALSE
"2312_2",1,FALSE
"2314_1",1,FALSE
"2314_2",1,FALSE
"2314_3",2,FALSE
"2314_4",2,FALSE
"2314_5",2,FALSE
"2314_6",2,FALSE
"2314_7",2,FALSE
"2315_1",1,FALSE
"2315_2",1,FALSE
"2316_1",1,FALSE
"2318_1",1,FALSE
"2318_2",1,FALSE
"2318_3",1,FALSE
"2318_4",1,FALSE
"2319_1",1,FALSE
"2319_2",1,FALSE
"2319_3",1,FALSE
"2320_1",1,FALSE
"2320_2",1,FALSE
"2321_1",1,FALSE
"2321_2",1,FALSE
"2322_1",1,FALSE
"2322_2",1,FALSE
"2323_1",1,FALSE
"2324_1",1,FALSE
"2324_2",1,FALSE
"2324_3",1,FALSE
"2324_4",1,FALSE
"2325_1",1,FALSE
"2326_1",1,FALSE
"2326_2",1,FALSE
"2327_1",1,FALSE
"2328_1",1,FALSE
"2330_1",1,FALSE
"2330_2",1,FALSE
"2330_3",1,FALSE
"2330_4",1,FALSE
"2331_1",1,FALSE
"2331_2",1,FALSE
"2331_3",1,FALSE
"2332_1",1,FALSE
"2332_2",1,FALSE
"2333_1",1,FALSE
"2333_2",1,FALSE
"2333_3",1,FALSE
"2333_4",1,FALSE
"2334_1",1,FALSE
"2334_2",1,FALSE
"2335_1",1,FALSE
"2335_2",1,FALSE
"2336_1",1,FALSE
"2338_1",1,FALSE
"2338_2",1,FALSE
"2338_3",3,FALSE
"2339_1",1,NA
"2339_2",1,FALSE
"2340_1",1,FALSE
"2340_2",1,FALSE
"2340_3",1,FALSE
"2341_1",1,FALSE
"2341_2",1,FALSE
"2342_1",1,FALSE
"2343_1",1,FALSE
"2344_1",1,FALSE
"2344_2",1,FALSE
"2345_1",1,FALSE
"2345_2",1,FALSE
"2345_3",1,FALSE
"2346_1",3,FALSE
"2346_2",3,FALSE
"2346_3",3,FALSE
"2347_1",3,FALSE
"2348_1",1,FALSE
"2349_1",1,FALSE
"2349_2",1,FALSE
"2349_3",1,FALSE
"2349_4",1,FALSE
"2349_5",1,FALSE
"2349_6",1,FALSE
"2349_7",1,FALSE
"2350_1",1,FALSE
"2350_2",1,FALSE
"2351_1",1,FALSE
"2351_2",1,FALSE
"2351_3",1,FALSE
"2351_4",1,FALSE
"2352_1",1,FALSE
"2353_1",1,FALSE
"2354_1",1,FALSE
"2355_1",3,FALSE
"2356_1",1,FALSE
"2356_2",1,FALSE
"2356_3",1,FALSE
"2356_4",1,FALSE
"2357_1",1,FALSE
"2357_2",1,FALSE
"2358_1",1,NA
"2358_2",1,NA
"2359_1",1,FALSE
"2359_2",1,FALSE
"2359_3",1,FALSE
"2359_4",1,FALSE
"2359_5",1,FALSE
"2359_6",3,FALSE
"2360_1",1,FALSE
"2360_2",1,FALSE
"2361_1",1,FALSE
"2361_2",1,FALSE
"2362_1",1,FALSE
"2362_2",1,FALSE
"2362_3",1,FALSE
"2362_4",1,FALSE
"2363_1",1,FALSE
"2363_2",1,FALSE
"2364_1",1,FALSE
"2366_1",1,FALSE
"2366_2",1,FALSE
"2367_1",1,FALSE
"2367_2",1,FALSE
"2368_1",3,FALSE
"2368_2",1,FALSE
"2368_3",1,FALSE
"2368_4",1,FALSE
"2370_1",1,FALSE
"2370_2",1,FALSE
"2370_3",1,FALSE
"2371_1",1,FALSE
"2371_2",1,FALSE
"2372_1",1,FALSE
"2372_2",1,FALSE
"2373_1",1,FALSE
"2374_1",1,FALSE
"2374_2",1,FALSE
"2375_1",1,FALSE
"2375_2",1,FALSE
"2375_3",1,FALSE
"2375_4",1,FALSE
"2375_5",1,FALSE
"2375_6",1,FALSE
"2376_1",1,FALSE
"2377_1",1,FALSE
"2378_1",1,FALSE
"2379_1",1,FALSE
"2380_1",1,FALSE
"2380_2",1,FALSE
"2382_1",1,FALSE
"2382_2",1,FALSE
"2383_1",1,FALSE
"2384_1",1,FALSE
"2385_1",1,FALSE
"2386_1",1,FALSE
"2386_2",1,FALSE
"2387_1",1,FALSE
"2388_1",1,FALSE
"2388_2",1,FALSE
"2389_1",1,FALSE
"2389_2",1,FALSE
"2390_1",1,FALSE
"2390_2",1,FALSE
"2391_1",1,FALSE
"2391_2",1,FALSE
"2392_1",1,FALSE
"2392_2",1,FALSE
"2392_3",1,FALSE
"2392_4",1,FALSE
"2393_1",1,FALSE
"2394_1",1,FALSE
"2394_2",1,FALSE
"2394_3",3,FALSE
"2395_1",1,FALSE
"2396_1",1,FALSE
"2396_2",1,FALSE
"2396_3",3,FALSE
"2397_1",1,FALSE
"2397_2",1,FALSE
"2400_1",1,FALSE
"2401_1",1,FALSE
"2401_2",1,FALSE
"2401_3",1,FALSE
"2401_4",3,FALSE
"2401_5",3,FALSE
"2402_1",1,FALSE
"2402_2",1,FALSE
"2402_3",1,FALSE
"2403_1",1,FALSE
"2403_2",1,FALSE
"2404_1",1,FALSE
"2405_1",1,FALSE
"2406_1",1,FALSE
"2406_2",1,FALSE
"2406_3",1,FALSE
"2407_1",1,FALSE
"2408_1",1,FALSE
"2408_2",1,FALSE
"2408_3",1,FALSE
"2408_4",1,FALSE
"2409_1",1,FALSE
"2409_2",1,FALSE
"2410_1",1,FALSE
"2411_1",1,FALSE
"2411_2",1,FALSE
"2411_3",1,FALSE
"2411_4",1,FALSE
"2412_1",1,FALSE
"2412_2",1,FALSE
"2413_1",1,FALSE
"2414_1",1,FALSE
"2415_1",1,FALSE
"2415_2",1,FALSE
"2416_1",1,FALSE
"2418_1",2,FALSE
"2419_1",1,FALSE
"2419_2",1,FALSE
"2419_3",1,FALSE
"2419_4",1,FALSE
"2419_5",1,FALSE
"2419_6",1,FALSE
"2420_1",1,FALSE
"2420_2",1,FALSE
"2421_1",1,FALSE
"2422_1",1,FALSE
"2422_2",1,FALSE
"2423_1",1,FALSE
"2423_2",1,FALSE
"2424_1",1,FALSE
"2424_2",1,FALSE
"2424_3",1,FALSE
"2425_1",1,FALSE
"2425_2",1,FALSE
"2426_1",1,FALSE
"2426_2",1,FALSE
"2426_3",1,FALSE
"2427_1",1,FALSE
"2427_2",1,FALSE
"2427_3",1,FALSE
"2428_1",1,FALSE
"2428_2",1,FALSE
"2429_1",1,FALSE
"2429_2",1,FALSE
"2430_1",1,FALSE
"2430_2",1,FALSE
"2431_1",1,FALSE
"2431_2",1,FALSE
"2432_1",1,FALSE
"2432_2",1,FALSE
"2433_1",1,FALSE
"2433_2",1,FALSE
"2434_1",1,FALSE
"2434_2",1,FALSE
"2434_3",1,FALSE
"2435_1",1,FALSE
"2435_2",1,FALSE
"2437_1",1,FALSE
"2437_2",1,FALSE
"2437_3",1,FALSE
"2437_4",1,FALSE
"2438_1",1,FALSE
"2438_2",1,FALSE
"2439_1",1,FALSE
"2439_2",1,FALSE
"2439_3",1,FALSE
"2440_1",1,FALSE
"2440_2",1,FALSE
"2440_3",1,FALSE
"2441_1",1,FALSE
"2441_2",1,FALSE
"2442_1",1,FALSE
"2442_2",3,FALSE
"2442_3",3,FALSE
"2442_4",3,FALSE
"2442_5",2,FALSE
"2443_1",1,FALSE
"2443_2",1,FALSE
"2444_1",1,FALSE
"2445_1",1,FALSE
"2445_2",1,FALSE
"2445_3",1,FALSE
"2446_1",1,FALSE
"2447_1",1,TRUE
"2447_2",1,FALSE
"2448_1",1,FALSE
"2448_2",1,FALSE
"2449_1",1,FALSE
"2450_1",1,FALSE
"2450_2",1,FALSE
"2450_3",1,FALSE
"2451_1",1,FALSE
"2451_2",1,FALSE
"2452_1",1,FALSE
"2452_2",1,FALSE
"2453_1",1,FALSE
"2453_2",1,FALSE
"2453_3",3,FALSE
"2453_4",3,FALSE
"2453_5",3,FALSE
"2454_1",1,FALSE
"2454_2",1,FALSE
"2456_1",1,FALSE
"2456_2",1,FALSE
"2456_3",1,FALSE
"2456_4",1,FALSE
"2456_5",1,NA
"2457_1",1,FALSE
"2457_2",1,FALSE
"2457_3",1,FALSE
"2457_4",1,FALSE
"2458_1",1,FALSE
"2458_2",1,FALSE
"2458_3",1,FALSE
"2458_4",1,FALSE
"2459_1",1,FALSE
"2459_2",1,FALSE
"2460_1",1,FALSE
"2461_1",1,FALSE
"2461_2",1,FALSE
"2462_1",1,FALSE
"2462_2",1,FALSE
"2463_1",1,FALSE
"2463_2",1,FALSE
"2464_1",1,FALSE
"2464_2",1,FALSE
"2464_3",1,FALSE
"2464_4",1,FALSE
"2465_1",1,FALSE
"2465_2",1,FALSE
"2465_3",1,FALSE
"2465_4",1,FALSE
"2466_1",1,FALSE
"2466_2",1,FALSE
"2467_1",1,FALSE
"2467_2",1,FALSE
"2469_1",1,FALSE
"2469_2",1,FALSE
"2470_1",1,FALSE
"2470_2",1,FALSE
"2471_1",1,FALSE
"2471_2",1,FALSE
"2471_3",1,FALSE
"2472_1",1,FALSE
"2472_2",1,FALSE
"2473_1",1,FALSE
"2473_2",1,FALSE
"2474_1",1,FALSE
"2474_2",1,FALSE
"2474_3",1,FALSE
"2474_4",1,FALSE
"2475_1",1,FALSE
"2476_1",1,FALSE
"2477_1",1,FALSE
"2477_2",1,FALSE
"2478_1",1,FALSE
"2478_2",1,FALSE
"2478_3",1,FALSE
"2478_4",1,FALSE
"2479_1",1,FALSE
"2479_2",1,FALSE
"2480_1",1,FALSE
"2480_2",1,FALSE
"2480_3",1,FALSE
"2481_1",1,FALSE
"2481_2",1,FALSE
"2482_1",1,FALSE
"2483_1",1,FALSE
"2484_1",3,FALSE
"2485_1",1,FALSE
"2486_1",1,FALSE
"2486_2",1,FALSE
"2486_3",3,FALSE
"2486_4",1,FALSE
"2487_1",1,FALSE
"2488_1",1,FALSE
"2488_2",1,FALSE
"2488_3",1,FALSE
"2489_1",1,FALSE
"2489_2",1,FALSE
"2489_3",1,FALSE
"2490_1",1,FALSE
"2491_1",1,FALSE
"2492_1",1,FALSE
"2492_2",1,FALSE
"2492_3",3,FALSE
"2493_1",1,FALSE
"2494_1",1,FALSE
"2495_1",1,FALSE
"2496_1",1,FALSE
"2497_1",1,FALSE
"2497_2",1,FALSE
"2499_1",1,FALSE
"2500_1",1,FALSE
"2501_1",1,FALSE
"2502_1",1,FALSE
"2502_2",1,FALSE
"2503_1",1,FALSE
"2503_2",1,FALSE
"2503_3",1,FALSE
"2504_1",1,FALSE
"2504_2",3,FALSE
"2504_3",1,FALSE
"2505_1",1,FALSE
"2505_2",1,FALSE
"2506_1",1,FALSE
"2506_2",1,FALSE
"2506_3",1,FALSE
"2507_1",1,FALSE
"2507_2",1,FALSE
"2508_1",1,FALSE
"2508_2",1,FALSE
"2508_3",1,FALSE
"2508_4",1,FALSE
"2509_1",1,FALSE
"2509_2",1,FALSE
"2510_1",1,FALSE
"2510_2",1,FALSE
"2511_1",1,FALSE
"2511_2",1,FALSE
"2512_1",1,FALSE
"2512_2",1,FALSE
"2513_1",1,FALSE
"2513_2",1,FALSE
"2514_1",1,FALSE
"2514_2",1,FALSE
"2514_3",1,FALSE
"2515_1",1,FALSE
"2515_2",1,FALSE
"2516_1",1,FALSE
"2517_1",1,FALSE
"2517_2",1,FALSE
"2518_1",1,FALSE
"2518_2",1,FALSE
"2519_1",1,FALSE
"2520_1",1,FALSE
"2520_2",1,FALSE
"2520_3",1,FALSE
"2521_1",1,FALSE
"2522_1",1,FALSE
"2522_2",1,FALSE
"2523_1",1,FALSE
"2523_2",1,FALSE
"2524_1",1,FALSE
"2524_2",1,FALSE
"2525_1",1,FALSE
"2526_1",1,FALSE
"2526_2",1,FALSE
"2527_1",1,FALSE
"2527_2",1,FALSE
"2528_1",1,FALSE
"2528_2",1,FALSE
"2529_1",1,FALSE
"2529_2",1,FALSE
"2530_1",1,FALSE
"2530_2",1,FALSE
"2531_1",1,FALSE
"2531_2",1,FALSE
"2532_1",1,FALSE
"2532_2",1,FALSE
"2533_1",1,FALSE
"2534_1",1,FALSE
"2535_1",1,FALSE
"2535_2",1,FALSE
"2536_1",1,FALSE
"2536_2",1,FALSE
"2536_3",1,FALSE
"2537_1",1,FALSE
"2537_2",1,FALSE
"2538_1",1,FALSE
"2538_2",1,FALSE
"2539_1",1,NA
"2539_2",1,NA
"2539_3",1,NA
"2540_1",1,FALSE
"2541_1",1,FALSE
"2541_2",1,FALSE
"2542_1",1,FALSE
"2542_2",1,FALSE
"2542_3",1,FALSE
"2543_1",1,FALSE
"2543_2",1,FALSE
"2544_1",1,FALSE
"2544_2",1,FALSE
"2544_3",1,FALSE
"2545_1",1,FALSE
"2545_2",1,FALSE
"2546_1",1,FALSE
"2546_2",1,FALSE
"2547_1",1,FALSE
"2547_2",1,FALSE
"2548_1",1,FALSE
"2548_2",1,FALSE
"2549_1",1,FALSE
"2549_2",1,FALSE
"2550_1",1,FALSE
"2550_2",1,FALSE
"2551_1",1,FALSE
"2551_2",1,FALSE
"2552_1",1,FALSE
"2552_2",1,FALSE
"2553_1",1,FALSE
"2553_2",1,FALSE
"2554_1",1,FALSE
"2554_2",1,FALSE
"2555_1",1,FALSE
"2555_2",1,FALSE
"2556_1",1,FALSE
"2557_1",1,NA
"2558_1",1,FALSE
"2558_2",1,FALSE
"2559_1",1,FALSE
"2559_2",1,FALSE
"2559_3",1,FALSE
"2560_1",1,FALSE
"2560_2",1,FALSE
"2561_1",1,FALSE
"2562_1",1,FALSE
"2562_2",1,FALSE
"2563_1",1,FALSE
"2563_2",1,FALSE
"2088_5",NA,NA
"2088_6",NA,NA
"2088_7",NA,NA
"2088_8",NA,NA
"2088_9",NA,NA
"2088_10",NA,NA
"2088_11",NA,NA
"2088_12",NA,NA
"2088_13",NA,NA
"2088_14",NA,NA
"2088_15",NA,NA
"2088_16",NA,NA
"2088_17",NA,NA
"2088_18",NA,NA
"2088_19",NA,NA
"2088_20",NA,NA
"2088_21",NA,NA
"2088_22",NA,NA
"2088_23",NA,NA
"2088_24",NA,NA
"2088_25",NA,NA
"2088_26",NA,NA
"2088_27",NA,NA
"2088_28",NA,NA
"2088_29",NA,NA
"2088_30",NA,NA
"2088_31",NA,NA
"2088_32",NA,NA
"2088_33",NA,NA
"2088_34",NA,NA
"2088_35",NA,NA
"2088_36",NA,NA
"2088_37",NA,NA
"2088_38",NA,NA
"2088_39",NA,NA
"2088_40",NA,NA
"2088_41",NA,NA
"2088_42",NA,NA
"2088_43",NA,NA
"2088_44",NA,NA
"2088_45",NA,NA
"2088_46",NA,NA
"2088_47",NA,NA
"2088_48",NA,NA
"2088_49",NA,NA
"2088_50",NA,NA
"2088_51",NA,NA
"2088_52",NA,NA
"2088_53",NA,NA
"2088_54",NA,NA
"2088_55",NA,NA
"2088_56",NA,NA
"2088_57",NA,NA
"2088_58",NA,NA
"2088_59",NA,NA
"2088_60",NA,NA
"2088_61",NA,NA
"2088_62",NA,NA
"2088_63",NA,NA
"2088_64",NA,NA
"2088_65",NA,NA
"2088_66",NA,NA
"2088_67",NA,NA
"2088_68",NA,NA
"2088_69",NA,NA
"2088_70",NA,NA
"2088_71",NA,NA
"2088_72",NA,NA
"2088_73",NA,NA
"2088_74",NA,NA
"2088_75",NA,NA
"2088_76",NA,NA
"2088_77",NA,NA
"2088_78",NA,NA
"2088_79",NA,NA
"2088_80",NA,NA
"2088_81",NA,NA
"2088_82",NA,NA
"2088_83",NA,NA
"2088_84",NA,NA
"2088_85",NA,NA
"2088_86",NA,NA
"2088_87",NA,NA
"2088_88",NA,NA
"2088_89",NA,NA
"2088_90",NA,NA
"2088_91",NA,NA
"2088_92",NA,NA
"2088_93",NA,NA
"2088_94",NA,NA
"2088_95",NA,NA
"2088_96",NA,NA
"2088_97",NA,NA
"2088_98",NA,NA
"2088_99",NA,NA
"2088_100",NA,NA
